dataset_name,method,fl_algo,head_train_mode,adapter_bottleneck,trainable_scope,evaluation_protocol,backbone_pretrained,backbone_frozen,task_id_known_at_inference,num_clients,alpha,replay,replay_per_class,mu,n_seeds,final_accuracy_mean,final_accuracy_std,final_forgetting_mean,final_forgetting_std,final_bwt_mean,final_bwt_std,final_fwt_mean,final_fwt_std,final_accuracy_drop_from_peak_mean,final_accuracy_drop_from_peak_std,plasticity_score_mean,plasticity_score_std,stability_score_mean,stability_score_std,stability_peak_score_mean,stability_peak_score_std,plasticity_stability_hmean_mean,plasticity_stability_hmean_std,plasticity_stability_peak_hmean_mean,plasticity_stability_peak_hmean_std,client_seen_accuracy_mean_mean,client_seen_accuracy_mean_std,client_seen_accuracy_std_mean,client_seen_accuracy_std_std,client_seen_accuracy_min_mean,client_seen_accuracy_min_std,client_seen_accuracy_max_mean,client_seen_accuracy_max_std,accuracy_per_comm_mb_mean,accuracy_per_comm_mb_std,comm_mb_mean,comm_mb_std,replay_memory_mb_mean,replay_memory_mb_std,wall_time_min_mean,wall_time_min_std,avg_power_w_mean,avg_power_w_std,peak_power_w_mean,peak_power_w_std,energy_j_mean,energy_j_std,avg_cpu_util_mean,avg_cpu_util_std,peak_cpu_util_mean,peak_cpu_util_std,avg_gpu_util_mean,avg_gpu_util_std,peak_gpu_util_mean,peak_gpu_util_std,avg_ram_mb_mean,avg_ram_mb_std,peak_ram_mb_mean,peak_ram_mb_std,final_accuracy_ci95_half,final_accuracy_ci95_low,final_accuracy_ci95_high,final_forgetting_ci95_half,final_forgetting_ci95_low,final_forgetting_ci95_high,final_bwt_ci95_half,final_bwt_ci95_low,final_bwt_ci95_high,final_fwt_ci95_half,final_fwt_ci95_low,final_fwt_ci95_high,final_accuracy_drop_from_peak_ci95_half,final_accuracy_drop_from_peak_ci95_low,final_accuracy_drop_from_peak_ci95_high,plasticity_score_ci95_half,plasticity_score_ci95_low,plasticity_score_ci95_high,stability_score_ci95_half,stability_score_ci95_low,stability_score_ci95_high,stability_peak_score_ci95_half,stability_peak_score_ci95_low,stability_peak_score_ci95_high,plasticity_stability_hmean_ci95_half,plasticity_stability_hmean_ci95_low,plasticity_stability_hmean_ci95_high,plasticity_stability_peak_hmean_ci95_half,plasticity_stability_peak_hmean_ci95_low,plasticity_stability_peak_hmean_ci95_high,client_seen_accuracy_mean_ci95_half,client_seen_accuracy_mean_ci95_low,client_seen_accuracy_mean_ci95_high,client_seen_accuracy_std_ci95_half,client_seen_accuracy_std_ci95_low,client_seen_accuracy_std_ci95_high,client_seen_accuracy_min_ci95_half,client_seen_accuracy_min_ci95_low,client_seen_accuracy_min_ci95_high,client_seen_accuracy_max_ci95_half,client_seen_accuracy_max_ci95_low,client_seen_accuracy_max_ci95_high,accuracy_per_comm_mb_ci95_half,accuracy_per_comm_mb_ci95_low,accuracy_per_comm_mb_ci95_high,comm_mb_ci95_half,comm_mb_ci95_low,comm_mb_ci95_high,replay_memory_mb_ci95_half,replay_memory_mb_ci95_low,replay_memory_mb_ci95_high,wall_time_min_ci95_half,wall_time_min_ci95_low,wall_time_min_ci95_high,avg_power_w_ci95_half,avg_power_w_ci95_low,avg_power_w_ci95_high,peak_power_w_ci95_half,peak_power_w_ci95_low,peak_power_w_ci95_high,energy_j_ci95_half,energy_j_ci95_low,energy_j_ci95_high,avg_cpu_util_ci95_half,avg_cpu_util_ci95_low,avg_cpu_util_ci95_high,peak_cpu_util_ci95_half,peak_cpu_util_ci95_low,peak_cpu_util_ci95_high,avg_gpu_util_ci95_half,avg_gpu_util_ci95_low,avg_gpu_util_ci95_high,peak_gpu_util_ci95_half,peak_gpu_util_ci95_low,peak_gpu_util_ci95_high,avg_ram_mb_ci95_half,avg_ram_mb_ci95_low,avg_ram_mb_ci95_high,peak_ram_mb_ci95_half,peak_ram_mb_ci95_low,peak_ram_mb_ci95_high
cifar10,FULL_FEDAVG,FEDAVG,current,16,NA,NA,False,False,True,10,0.7,False,0,0.0,6,0.5038666666666666,0.005456983293603441,0.0,0.0,,0.0,,0.0,,0.0,0.5038666666666666,0.005456983293603441,1.0,0.0,,0.0,0.6700803076252426,0.004814683845337177,,0.0,,0.0,,0.0,,0.0,,0.0,0.0514953697725796,0.0005577058200851389,9.784698486328125,0.0,0.0,0.0,11.107424824105367,3.19978447219244,,0.0,,0.0,,0.0,,0.0,,0.0,,0.0,,0.0,,0.0,,0.0,0.004366496037378793,0.49950017062928775,0.5082331627040454,0.0,0.0,0.0,0.0,,,0.0,,,0.0,,,0.004366496037378793,0.49950017062928775,0.5082331627040454,0.0,1.0,1.0,0.0,,,0.003852549440006447,0.6662277581852362,0.6739328570652491,0.0,,,0.0,,,0.0,,,0.0,,,0.0,,,0.0004462575973577493,0.051049112175221845,0.05194162736993735,0.0,9.784698486328125,9.784698486328125,0.0,0.0,0.0,2.560360819625741,8.547064004479626,13.667785643731108,0.0,,,0.0,,,0.0,,,0.0,,,0.0,,,0.0,,,0.0,,,0.0,,,0.0,,
cifar10,FULL_FEDAVG,FEDAVG,current,16,NA,NA,False,False,True,10,0.7,False,20,0.0,6,0.5057166666666667,0.00942410031072817,0.0,0.0,0.0,0.0,-0.38483333333333336,0.01703183294109394,0.0,0.0,0.5057166666666667,0.00942410031072817,1.0,0.0,1.0,0.0,0.6716858978992023,0.008236201788077503,0.6750214119528115,0.011408516853644888,0.8250283707325515,0.028543595076339637,0.07284013525554747,0.006420670480607268,0.6996928463092917,0.038713767952448894,0.9430609664591906,0.021124469839422157,0.051684440493827165,0.0009631467258696041,9.784698486328125,0.0,0.0,0.0,14.17750501036644,0.7641106806958726,,0.0,,0.0,,0.0,,0.0,,0.0,,0.0,,0.0,,0.0,,0.0,0.007540850768388882,0.4981758158982778,0.5132575174350555,0.0,0.0,0.0,0.0,0.0,0.0,0.013628304696068709,-0.39846163802940204,-0.3712050286372647,0.0,0.0,0.0,0.007540850768388882,0.4981758158982778,0.5132575174350555,0.0,1.0,1.0,0.0,1.0,1.0,0.006590333987800183,0.6650955639114021,0.6782762318870025,0.009128714704368244,0.6658926972484432,0.6841501266571798,0.022839632831472455,0.802188737901079,0.847868003564024,0.005137606384785826,0.06770252887076164,0.0779777416403333,0.03097746598464382,0.668715380324648,0.7306703122939355,0.01690309624984308,0.9261578702093475,0.9599640627090337,0.0007706778884321804,0.050913762605394985,0.052455118382259344,0.0,9.784698486328125,9.784698486328125,0.0,0.0,0.0,0.6114158830737667,13.566089127292674,14.788920893440206,0.0,,,0.0,,,0.0,,,0.0,,,0.0,,,0.0,,,0.0,,,0.0,,,0.0,,
cifar10,SHARED_ADAPTER,FEDAVG,current,16,NA,NA,False,False,True,10,0.7,False,0,0.0,6,0.49993333333333334,0.0017895995827745053,0.0020000000000000065,0.0016469669092000633,,0.0,,0.0,,0.0,0.49993333333333334,0.0017895995827745053,0.9980000000000001,0.0016469669092000513,,0.0,0.666161062982951,0.0017560430213375687,,0.0,,0.0,,0.0,,0.0,,0.0,0.011891345951668028,4.256717113028205e-05,42.041778564453125,0.0,0.0,0.0,11.268243636687595,3.3655444243536947,,0.0,,0.0,,0.0,,0.0,,0.0,,0.0,,0.0,,0.0,,0.0,0.0014319779017537672,0.4985013554315796,0.5013653112350871,0.0013178479932576973,0.0006821520067423093,0.003317847993257704,0.0,,,0.0,,,0.0,,,0.0014319779017537672,0.4985013554315796,0.5013653112350871,0.0013178479932576877,0.9966821520067424,0.9993178479932578,0.0,,,0.0014051270604264366,0.6647559359225246,0.6675661900433774,0.0,,,0.0,,,0.0,,,0.0,,,0.0,,,3.406083069388789e-05,0.01185728512097414,0.011925406782361916,0.0,42.041778564453125,42.041778564453125,0.0,0.0,0.0,2.6929964051362605,8.575247231551334,13.961240041823856,0.0,,,0.0,,,0.0,,,0.0,,,0.0,,,0.0,,,0.0,,,0.0,,,0.0,,
cifar10,SHARED_ADAPTER,FEDAVG,current,16,NA,NA,False,False,True,10,0.7,False,20,0.0,6,0.5017499999999999,0.002716431482662489,0.000333333333333329,0.000485197554266985,-0.00023333333333332983,0.0006110100926607695,-0.4129583333333333,0.0656377765340458,0.0005333333333333263,0.00040414518843273926,0.5017499999999999,0.002716431482662489,0.9996666666666667,0.0004851975542670107,0.9994666666666667,0.0004041451884327679,0.6681423589314358,0.00241428072391858,0.6677887328289583,0.002063377084244106,0.7655184724949947,0.033310930432064415,0.08612187412928679,0.008111442872207037,0.6002930726824653,0.019502649862829666,0.8916511426464339,0.033118284174875605,0.0119345569367571,6.461266805109113e-05,42.041778564453125,0.0,0.0,0.0,14.189095542828241,0.8556051066188727,,0.0,,0.0,,0.0,,0.0,,0.0,,0.0,,0.0,,0.0,,0.0,0.002173597877559989,0.4995764021224399,0.5039235978775599,0.0003882389012508183,-5.49055679174893e-05,0.0007215722345841472,0.0004889098985384544,-0.0007222432318717843,0.00025557656520512455,0.0525211597173516,-0.4654794930506849,-0.3604371736159817,0.00032338350126264874,0.00020994983207067757,0.000856716834595975,0.002173597877559989,0.4995764021224399,0.5039235978775599,0.0003882389012508389,0.9992784277654159,1.0000549055679175,0.0003233835012626716,0.999143283165404,0.9997900501679294,0.0019318269173496513,0.6662105320140862,0.6700741858487854,0.0016510455277609346,0.6661376873011974,0.6694397783567193,0.0266542955891959,0.7388641769057989,0.7921727680841906,0.006490506064116669,0.07963136806517013,0.09261238019340345,0.015605369993390386,0.584687702689075,0.6158984426758557,0.026500146479079174,0.8651509961673547,0.918151289125513,5.170090209736735e-05,0.011882856034659732,0.011986257838854467,0.0,42.041778564453125,42.041778564453125,0.0,0.0,0.0,0.6846266712950398,13.5044688715332,14.873722214123282,0.0,,,0.0,,,0.0,,,0.0,,,0.0,,,0.0,,,0.0,,,0.0,,,0.0,,
cifar10,TASK_ADAPTER,FEDAVG,current,16,NA,NA,False,False,True,10,0.7,False,0,0.0,6,0.5000333333333333,5.1639777949433705e-05,0.0,0.0,,0.0,,0.0,,0.0,0.5000333333333333,5.1639777949433705e-05,1.0,0.0,,0.0,0.6666962943211193,4.589896491298018e-05,,0.0,,0.0,,0.0,,0.0,,0.0,0.011893724538003206,1.2282967018212753e-06,42.041778564453125,0.0,0.0,0.0,10.873830632368723,2.924464118927934,,0.0,,0.0,,0.0,,0.0,,0.0,,0.0,,0.0,,0.0,,0.0,4.132042809286801e-05,0.4999920129052405,0.5000746537614262,0.0,0.0,0.0,0.0,,,0.0,,,0.0,,,4.132042809286801e-05,0.4999920129052405,0.5000746537614262,0.0,1.0,1.0,0.0,,,3.672682096117858e-05,0.6666595675001581,0.6667330211420806,0.0,,,0.0,,,0.0,,,0.0,,,0.0,,,9.828420562538363e-07,0.011892741695946951,0.01189470738005946,0.0,42.041778564453125,42.041778564453125,0.0,0.0,0.0,2.340058655067464,8.533771977301258,13.213889287436187,0.0,,,0.0,,,0.0,,,0.0,,,0.0,,,0.0,,,0.0,,,0.0,,,0.0,,
cifar10,TASK_ADAPTER,FEDAVG,current,16,NA,NA,False,False,True,10,0.7,False,20,0.0,6,0.5117833333333334,0.013115245581637675,0.0,0.0,0.0,0.0,-0.4583333333333333,0.07216878364870322,0.0,0.0,0.5117833333333334,0.013115245581637675,1.0,0.0,1.0,0.0,0.6769766489876426,0.011405362077970129,0.6846599405093311,0.011741162119598523,0.8111720011601765,0.013413714124871025,0.061909281163161876,0.012506347909548274,0.7077355120056742,0.02279586460299522,0.9105151350872345,0.03804545041837182,0.012173208432386654,0.00031195743922990876,42.041778564453125,0.0,0.0,0.0,14.24029675854577,0.8605885859443264,,0.0,,0.0,,0.0,,0.0,,0.0,,0.0,,0.0,,0.0,,0.0,0.010494382111925936,0.5012889512214075,0.5222777154452592,0.0,0.0,0.0,0.0,0.0,0.0,0.057747053796901385,-0.5160803871302347,-0.40058627953643194,0.0,0.0,0.0,0.010494382111925936,0.5012889512214075,0.5222777154452592,0.0,1.0,1.0,0.0,1.0,1.0,0.009126190358087248,0.6678504586295554,0.6861028393457299,0.00939488635223492,0.6752650541570961,0.694054826861566,0.010733206686089155,0.8004387944740874,0.8219052078462656,0.010007162501878004,0.05190211866128387,0.07191644366503988,0.018240490597484234,0.68949502140819,0.7259760026031584,0.030442700582726797,0.8800724345045077,0.9409578356699613,0.00024961793887566557,0.011923590493510989,0.01242282637126232,0.0,42.041778564453125,42.041778564453125,0.0,0.0,0.0,0.6886142852487896,13.55168247329698,14.928911043794558,0.0,,,0.0,,,0.0,,,0.0,,,0.0,,,0.0,,,0.0,,,0.0,,,0.0,,
cifar10,TRUE_FEDAVG,FEDAVG,current,16,NA,NA,False,False,True,2,0.7,False,20,0.0,3,0.6693333333333333,0.0806137912105201,0.2035,0.1874119793396356,,0.0,,0.0,,0.0,0.6693333333333333,0.0806137912105201,0.7965,0.18741197933963563,,0.0,0.7258469525186416,0.1252081581540141,,0.0,,0.0,,0.0,,0.0,,0.0,0.0019611494281240216,0.00023619874083379607,341.29644775390625,0.0,0.0,0.0,1.2061135702663,0.04883751666369808,,0.0,,0.0,,0.0,,0.0,,0.0,,0.0,,0.0,,0.0,,0.0,0.09122309234934854,0.5781102409839848,0.7605564256826819,0.21207661917335444,-0.00857661917335445,0.4155766191733544,0.0,,,0.0,,,0.0,,,0.09122309234934854,0.5781102409839848,0.7605564256826819,0.21207661917335446,0.5844233808266455,1.0085766191733545,0.0,,,0.14168636907731624,0.5841605834413254,0.8675333215959579,0.0,,,0.0,,,0.0,,,0.0,,,0.0,,,0.0002672840369411799,0.0016938653911828417,0.0022284334650652013,0.0,341.29644775390625,341.29644775390625,0.0,0.0,0.0,0.055264852648984286,1.1508487176173157,1.2613784229152842,0.0,,,0.0,,,0.0,,,0.0,,,0.0,,,0.0,,,0.0,,,0.0,,,0.0,,
cifar10,TRUE_FEDAVG,FEDAVG,current,16,NA,NA,False,False,True,10,0.7,False,0,0.0,6,0.6840333333333333,0.042949024047895044,0.20239583333333333,0.04063922186960113,,0.0,,0.0,,0.0,0.6840333333333333,0.042949024047895044,0.7976041666666666,0.04063922186960116,,0.0,0.7364428869945442,0.04219430139454107,,0.0,,0.0,,0.0,,0.0,,0.0,3.206752782034506e-05,2.01345308247046e-06,21331.02798461914,0.0,0.0,0.0,16.24017082320319,0.6277271742248548,,0.0,,0.0,,0.0,,0.0,,0.0,,0.0,,0.0,,0.0,,0.0,0.03436637666350321,0.6496669566698301,0.7183997099968364,0.032518149993930746,0.1698776833394026,0.23491398332726407,0.0,,,0.0,,,0.0,,,0.03436637666350321,0.6496669566698301,0.7183997099968364,0.03251814999393077,0.7650860166727358,0.8301223166605973,0.0,,,0.033762472766811234,0.702680414227733,0.7702053597613554,0.0,,,0.0,,,0.0,,,0.0,,,0.0,,,1.611098006541611e-06,3.0456429813803446e-05,3.367862582688667e-05,0.0,21331.02798461914,21331.02798461914,0.0,0.0,0.0,0.5022863496798166,15.737884473523373,16.742457172883007,0.0,,,0.0,,,0.0,,,0.0,,,0.0,,,0.0,,,0.0,,,0.0,,,0.0,,
cifar10,TRUE_FEDAVG,FEDAVG,current,16,NA,NA,False,False,True,10,0.7,False,20,0.0,6,0.6884833333333334,0.04894709048213866,0.22399999999999998,0.03832011547477382,-0.18193333333333336,0.029578088736991345,-0.381,0.11267881622115135,0.18193333333333336,0.029578088736991345,0.6884833333333334,0.04894709048213866,0.7759999999999999,0.03832011547477379,0.8180666666666667,0.029578088736991325,0.7294672903913209,0.043492528152371306,0.7416878745075448,0.038912163962935876,0.818819450675348,0.02111196030716019,0.07088982278384699,0.005929971821647153,0.6870111976233858,0.017043909454411865,0.9274136096372715,0.028291655274609855,3.227614411409372e-05,2.2946428328457602e-06,21331.02798461914,0.0,0.0,0.0,28.354428483380214,0.6533831121883584,,0.0,,0.0,,0.0,,0.0,,0.0,,0.0,,0.0,,0.0,,0.0,0.03916582938452574,0.6493175039488077,0.7276491627178592,0.0306624784005903,0.19333752159940967,0.25466247840059025,0.02366740015764771,-0.20560073349098107,-0.15826593317568566,0.09016183082380261,-0.4711618308238026,-0.2908381691761974,0.02366740015764771,0.15826593317568566,0.20560073349098107,0.03916582938452574,0.6493175039488077,0.7276491627178592,0.03066247840059028,0.7453375215994096,0.8066624784005902,0.02366740015764769,0.794399266509019,0.8417340668243144,0.03480127052166776,0.694666019869653,0.7642685609129887,0.031136215855591495,0.7105516586519534,0.7728240903631363,0.016893086539328597,0.8019263641360194,0.8357125372146766,0.004744965683025207,0.06614485710082178,0.0756347884668722,0.013637967919265652,0.6733732297041202,0.7006491655426514,0.02263803900449472,0.9047755706327768,0.9500516486417662,1.8360966669194973e-06,3.044004744717422e-05,3.411224078101322e-05,0.0,21331.02798461914,21331.02798461914,0.0,0.0,0.0,0.5228153755949573,27.83161310778526,28.87724385897517,0.0,,,0.0,,,0.0,,,0.0,,,0.0,,,0.0,,,0.0,,,0.0,,,0.0,,
cifar100,EWC,FEDAVG,current,16,NA,NA,False,False,True,2,0.7,False,20,0.0,3,0.2306666666666667,0.014180385514270538,0.07066666666666667,0.06140304009846201,-0.03233333333333333,0.035882911438919404,-0.10000000000000002,0.0,0.035333333333333335,0.030701520049231004,0.2306666666666667,0.014180385514270538,0.9293333333333335,0.061403040098462,0.9646666666666667,0.030701520049230983,0.36945491492385224,0.021324277641512696,0.37220696322928554,0.019932296888444417,0.305051544843378,0.02173409268204039,0.022209167659191786,0.00600957178486833,0.2828423771841862,0.017913975090039728,0.32726071250256983,0.02638296745954575,0.0006730755827752632,4.13777655086512e-05,342.7054443359375,0.0,0.0,0.0,0.7005239963531494,0.0376673918840081,,0.0,,0.0,,0.0,,0.0,,0.0,,0.0,,0.0,,0.0,,0.0,0.01604661681199846,0.21462004985466823,0.24671328347866514,0.06948408099062052,0.0011825856760461495,0.1401507476572872,0.04060533681399254,-0.07293867014732587,0.008272003480659207,0.0,-0.10000000000000002,-0.10000000000000002,0.03474204049531026,0.0005912928380230748,0.0700753738286436,0.01604661681199846,0.21462004985466823,0.24671328347866514,0.0694840809906205,0.8598492523427129,0.998817414323954,0.03474204049531024,0.9299246261713564,0.9994087071619769,0.02413069177573928,0.34532422314811295,0.39358560669959153,0.022555517269257412,0.3496514459600281,0.39476248049854296,0.02459444115071386,0.28045710369266413,0.32964598599409184,0.006800470659907896,0.015408696999283891,0.02900963831909968,0.020271571147361746,0.2625708060368245,0.3031139483315479,0.029855138194988157,0.2974055743075817,0.35711585069755797,4.682334954757457e-05,0.0006262522332276887,0.0007198989323228378,0.0,342.7054443359375,342.7054443359375,0.0,0.0,0.0,0.042624666534050275,0.6578993298190992,0.7431486628871997,0.0,,,0.0,,,0.0,,,0.0,,,0.0,,,0.0,,,0.0,,,0.0,,,0.0,,
cifar100,FULL_FEDAVG,FEDAVG,current,16,NA,NA,False,False,True,10,-999999.0,False,0,0.0,3,0.10859999999999999,0.0039153543900903864,0.0,0.0,,0.0,,0.0,,0.0,0.10859999999999999,0.0039153543900903864,1.0,0.0,,0.0,0.19590780654251735,0.0063617540867203165,,0.0,,0.0,,0.0,,0.0,,0.0,0.0005549481169590643,2.0007537256059584e-05,195.6939697265625,0.0,0.0,0.0,16.43376396232181,0.19243119040869353,,0.0,,0.0,,0.0,,0.0,,0.0,,0.0,,0.0,,0.0,,0.0,0.004430640585739277,0.10416935941426071,0.11303064058573926,0.0,0.0,0.0,0.0,,,0.0,,,0.0,,,0.004430640585739277,0.10416935941426071,0.11303064058573926,0.0,1.0,1.0,0.0,,,0.007199002451592907,0.18870880409092444,0.20310680899411027,0.0,,,0.0,,,0.0,,,0.0,,,0.0,,,2.2640659760390638e-05,0.0005323074571986737,0.0005775887767194549,0.0,195.6939697265625,195.6939697265625,0.0,0.0,0.0,0.2177563911825611,16.216007571139247,16.65152035350437,0.0,,,0.0,,,0.0,,,0.0,,,0.0,,,0.0,,,0.0,,,0.0,,,0.0,,
cifar100,FULL_FEDAVG,FEDAVG,current,16,NA,NA,False,False,True,10,0.1,False,20,0.0,3,0.10436666666666666,0.004800347209664468,0.0,0.0,0.0,0.0,-0.09214814814814813,0.00683250521931864,0.0,0.0,0.10436666666666666,0.004800347209664468,1.0,0.0,1.0,0.0,0.1889845100554224,0.007855662059186865,0.1889845100554224,0.007855662059186865,0.6027859296013376,0.020165925012021114,0.05940926262373713,0.009134820093620296,0.524920338742212,0.02641556441246866,0.7225013594758783,0.03867929050102033,0.0005333157011046134,2.4529867815405093e-05,195.6939697265625,0.0,0.0,0.0,20.100703268580965,0.03595543418388569,,0.0,,0.0,,0.0,,0.0,,0.0,,0.0,,0.0,,0.0,,0.0,0.005432104237258761,0.0989345624294079,0.10979877090392542,0.0,0.0,0.0,0.0,0.0,0.0,0.007731707506121754,-0.09987985565426989,-0.08441644064202637,0.0,0.0,0.0,0.005432104237258761,0.0989345624294079,0.10979877090392542,0.0,1.0,1.0,0.0,1.0,1.0,0.008889518464887163,0.18009499159053524,0.19787402852030958,0.008889518464887163,0.18009499159053524,0.19787402852030958,0.022819892378930468,0.5799660372224071,0.625605821980268,0.010337022046498941,0.04907224057723819,0.06974628467023607,0.029892025119695975,0.49502831362251604,0.554812363861908,0.04376973761434253,0.6787316218615358,0.7662710970902209,2.7758158541363734e-05,0.0005055575425632497,0.0005610738596459772,0.0,195.6939697265625,195.6939697265625,0.0,0.0,0.0,0.0406874040255967,20.060015864555368,20.141390672606562,0.0,,,0.0,,,0.0,,,0.0,,,0.0,,,0.0,,,0.0,,,0.0,,,0.0,,
cifar100,FULL_FEDAVG,FEDAVG,current,16,NA,NA,False,False,True,10,0.5,False,0,0.0,6,0.10493333333333334,0.0011910779431534549,0.0,0.0,,0.0,,0.0,,0.0,0.10493333333333334,0.0011910779431534549,1.0,0.0,,0.0,0.18993429046194307,0.0019525092727519391,,0.0,,0.0,,0.0,,0.0,,0.0,0.0005362113788174138,6.086431507407773e-06,195.6939697265625,0.0,0.0,0.0,10.745037664969763,0.024984610685875427,,0.0,,0.0,,0.0,,0.0,,0.0,,0.0,,0.0,,0.0,,0.0,0.0009530608468391599,0.10398027248649418,0.1058863941801725,0.0,0.0,0.0,0.0,,,0.0,,,0.0,,,0.0009530608468391599,0.10398027248649418,0.1058863941801725,0.0,1.0,1.0,0.0,,,0.0015623328025230064,0.18837195765942005,0.1914966232644661,0.0,,,0.0,,,0.0,,,0.0,,,0.0,,,4.870159505532248e-06,0.0005313412193118815,0.0005410815383229461,0.0,195.6939697265625,195.6939697265625,0.0,0.0,0.0,0.019991852216811063,10.72504581275295,10.765029517186575,0.0,,,0.0,,,0.0,,,0.0,,,0.0,,,0.0,,,0.0,,,0.0,,,0.0,,
cifar100,FULL_FEDAVG,FEDAVG,current,16,NA,NA,False,False,True,10,0.7,False,20,0.0,6,0.10286666666666666,0.002969623994155933,0.0,0.0,0.0,0.0,-0.09214814814814813,0.006111178450807436,0.0,0.0,0.10286666666666666,0.002969623994155933,1.0,0.0,1.0,0.0,0.18653321980268478,0.004874551259047189,0.18653321980268478,0.004874551259047189,0.36594539988269076,0.006447010301821535,0.022367293014542957,0.005959792911395206,0.33477799867506947,0.012128377751455222,0.40405931247265775,0.011649024010124359,0.0005256506718648472,1.5174836497544139e-05,195.6939697265625,0.0,0.0,0.0,19.91550238529841,0.17025202192447889,,0.0,,0.0,,0.0,,0.0,,0.0,,0.0,,0.0,,0.0,,0.0,0.002376194081111872,0.1004904725855548,0.10524286074777853,0.0,0.0,0.0,0.0,0.0,0.0,0.004889961184313,-0.09703810933246113,-0.08725818696383514,0.0,0.0,0.0,0.002376194081111872,0.1004904725855548,0.10524286074777853,0.0,1.0,1.0,0.0,1.0,1.0,0.0039004533478375924,0.1826327664548472,0.19043367315052237,0.0039004533478375924,0.1826327664548472,0.19043367315052237,0.005158682631270248,0.36078671725142053,0.371104082513961,0.0047688275244876545,0.017598465490055303,0.02713612053903061,0.00970472338693783,0.3250732752881316,0.3444827220620073,0.009321160509903297,0.39473815196275447,0.41338047298256103,1.2142398074054417e-05,0.0005135082737907927,0.0005377930699389016,0.0,195.6939697265625,195.6939697265625,0.0,0.0,0.0,0.13622998992142188,19.77927239537699,20.05173237521983,0.0,,,0.0,,,0.0,,,0.0,,,0.0,,,0.0,,,0.0,,,0.0,,,0.0,,
cifar100,LWF,FEDAVG,current,16,NA,NA,False,False,True,2,0.7,False,20,0.0,3,0.19933333333333333,0.020404247923737195,0.08633333333333333,0.049521039299810075,-0.043166666666666666,0.024760519649905038,-0.10000000000000002,0.0,0.043166666666666666,0.024760519649905038,0.19933333333333333,0.020404247923737195,0.9136666666666667,0.049521039299810055,0.9568333333333333,0.02476051964990506,0.32672062350345726,0.026697594684298716,0.32952965907098974,0.02763580094677426,0.3031407138476437,0.014346440931266522,0.011993123625312916,0.013101155720301901,0.2911475902223308,0.023435230762852876,0.3151338374729566,0.01434263770356321,0.000581646240606369,5.953873292930787e-05,342.7054443359375,0.0,0.0,0.0,0.8308805770344204,0.03620982026795511,,0.0,,0.0,,0.0,,0.0,,0.0,,0.0,,0.0,,0.0,,0.0,0.023089580141507804,0.17624375319182553,0.22242291347484114,0.05603833132577895,0.030295002007554382,0.14237166465911227,0.028019165662889475,-0.07118583232955614,-0.015147501003777191,0.0,-0.10000000000000002,-0.10000000000000002,0.028019165662889475,0.015147501003777191,0.07118583232955614,0.023089580141507804,0.17624375319182553,0.22242291347484114,0.05603833132577893,0.8576283353408878,0.9697049979924457,0.0280191656628895,0.9288141676704438,0.9848524989962228,0.030211172416282957,0.2965094510871743,0.3569317959197402,0.031272852747146425,0.2982568063238433,0.36080251181813616,0.01623452620581639,0.2869061876418273,0.3193752400534601,0.014825353332350556,-0.0028322297070376406,0.02681847695766347,0.02651946010733005,0.26462813011500075,0.3176670503296608,0.01623022244852133,0.29890361502443524,0.33136405992147794,6.737441882853247e-05,0.0005142718217778366,0.0006490206594349015,0.0,342.7054443359375,342.7054443359375,0.0,0.0,0.0,0.04097526897886323,0.7899053080555571,0.8718558460132837,0.0,,,0.0,,,0.0,,,0.0,,,0.0,,,0.0,,,0.0,,,0.0,,,0.0,,
cifar100,LWF,FEDAVG,current,16,NA,NA,False,False,True,10,0.7,False,20,0.0,3,0.4999666666666667,0.00035118845842849726,0.1718888888888889,0.004539266270181256,-0.15470000000000003,0.004085339643163113,-0.08855555555555555,0.003576328208762471,0.15470000000000003,0.004085339643163113,0.4999666666666667,0.00035118845842849726,0.8281111111111111,0.004539266270181235,0.8452999999999999,0.0040853396431631125,0.6234959324828871,0.0010565303898989584,0.6283064637115329,0.0008973528370559341,0.5655887865587809,0.010953475132791036,0.035868665952206245,0.014776834516068624,0.49953058299927705,0.03148305732943486,0.6253383384061871,0.002412304256175036,1.1671052793116964e-05,8.198024612278214e-09,42838.18054199219,0.0,0.0,0.0,123.57110200193193,0.23989913838374521,,0.0,,0.0,,0.0,,0.0,,0.0,,0.0,,0.0,,0.0,,0.0,0.0003974071519795659,0.49956925951468717,0.5003640738186463,0.005136663341904572,0.16675222554698432,0.17702555223079347,0.004622997007714096,-0.15932299700771413,-0.15007700299228593,0.004046996345917351,-0.0926025519014729,-0.0845085592096382,0.004622997007714096,0.15007700299228593,0.15932299700771413,0.0003974071519795659,0.49956925951468717,0.5003640738186463,0.005136663341904549,0.8229744477692066,0.8332477744530157,0.004622997007714095,0.8406770029922859,0.849922997007714,0.0011955766858297604,0.6223003557970573,0.624691509168717,0.0010154503279833432,0.6272910133835495,0.6293219140395162,0.012395023960298403,0.5531937625984824,0.5779838105190793,0.01672156239582064,0.019147103556385606,0.05259022834802689,0.03562643318316081,0.4639041498161162,0.5351570161824378,0.0027297792428730766,0.622608559163314,0.6280681176490602,9.276938164775127e-09,1.1661775854952188e-05,1.168032973128174e-05,0.0,42838.18054199219,42838.18054199219,0.0,0.0,0.0,0.2714714309634606,123.29963057096847,123.84257343289539,0.0,,,0.0,,,0.0,,,0.0,,,0.0,,,0.0,,,0.0,,,0.0,,,0.0,,
cifar100,MAS,FEDAVG,current,16,NA,NA,False,False,True,2,0.7,False,20,0.0,3,0.28333333333333327,0.03114616081210223,0.0,0.0,0.06016666666666667,0.04219399641339195,-0.10000000000000002,0.0,0.0,0.0,0.28333333333333327,0.03114616081210223,1.0,0.0,1.0,0.0,0.4409398574042724,0.038233547583245285,0.4409398574042724,0.038233547583245285,0.34906916979762065,0.01750398623045021,0.035173114963787604,0.049743094941679125,0.31389605483383304,0.04711830585177141,0.38424228476140826,0.05780480352292804,0.0008267546898251066,9.088318066394992e-05,342.7054443359375,0.0,0.0,0.0,0.7010287682215374,0.03786300018116452,,0.0,,0.0,,0.0,,0.0,,0.0,,0.0,,0.0,,0.0,,0.0,0.035245198885017565,0.2480881344483157,0.31857853221835086,0.0,0.0,0.0,0.04774700176741758,0.012419664899249089,0.10791366843408425,0.0,-0.10000000000000002,-0.10000000000000002,0.0,0.0,0.0,0.035245198885017565,0.2480881344483157,0.31857853221835086,0.0,1.0,1.0,0.0,1.0,1.0,0.04326533201895162,0.3976745253853208,0.484205189423224,0.04326533201895162,0.3976745253853208,0.484205189423224,0.019807625077602187,0.32926154472001845,0.36887679487522285,0.05628961093961097,-0.021116495975823366,0.09146272590339857,0.05331938247186751,0.2605766723619655,0.36721543730570055,0.06541229299385523,0.318829991767553,0.4496545777552635,0.00010284400048943612,0.0007239106893356705,0.0009295986903145427,0.0,342.7054443359375,342.7054443359375,0.0,0.0,0.0,0.04284601815996748,0.6581827500615699,0.7438747863815048,0.0,,,0.0,,,0.0,,,0.0,,,0.0,,,0.0,,,0.0,,,0.0,,,0.0,,
cifar100,SHARED_ADAPTER,FEDAVG,current,8,NA,NA,False,False,True,10,0.7,False,20,0.0,3,0.1092,0.0037643060449437443,0.0011111111111111102,0.0006186404847588911,0.002200000000000001,0.004014971979976948,-0.09118518518518519,0.006088172436897551,0.000999999999999999,0.000556776436283002,0.1092,0.0037643060449437443,0.9988888888888888,0.0006186404847588939,0.999,0.0005567764362830505,0.19686287770810015,0.006102073208605641,0.1968650758943028,0.006103164149762509,0.36973258345112,0.00876405217006939,0.025785457577403813,0.009945387221784717,0.3267779669389305,0.01642059799468358,0.41151112771980153,0.025096458740728713,0.0004770066786642672,1.644321542101135e-05,228.9276123046875,0.0,0.0,0.0,20.058307239744398,0.12314438418694297,,0.0,,0.0,,0.0,,0.0,,0.0,,0.0,,0.0,,0.0,,0.0,0.004259713292386396,0.10494028670761361,0.1134597132923864,0.0007000576107980068,0.00041105350031310343,0.001811168721909117,0.004543368500719852,-0.0023433685007198508,0.006743368500719852,0.006889415670818696,-0.09807460085600389,-0.08429576951436649,0.0006300518497182061,0.0003699481502817928,0.001630051849718205,0.004259713292386396,0.10494028670761361,0.1134597132923864,0.0007000576107980101,0.9981888312780908,0.9995889464996869,0.0006300518497182611,0.9983699481502817,0.9996300518497183,0.00690514587482241,0.18995773183327774,0.20376802358292256,0.006906380390956763,0.18995869550334604,0.20377145628525956,0.009917458643979714,0.3598151248071403,0.37965004209509967,0.011254265099797243,0.01453119247760657,0.037039722677201056,0.01858165587807098,0.30819631106085954,0.3453596228170015,0.028399316530945476,0.38311181118885607,0.439910444250747,1.860724990534126e-05,0.0004583994287589259,0.0004956139285696085,0.0,228.9276123046875,228.9276123046875,0.0,0.0,0.0,0.13935098898466355,19.918956250759734,20.19765822872906,0.0,,,0.0,,,0.0,,,0.0,,,0.0,,,0.0,,,0.0,,,0.0,,,0.0,,
cifar100,SHARED_ADAPTER,FEDAVG,current,16,NA,NA,False,False,True,10,-999999.0,False,0,0.0,3,0.10273333333333334,0.0036473734842120786,0.002740740740740741,0.003194001579607465,,0.0,,0.0,,0.0,0.10273333333333334,0.0036473734842120786,0.9972592592592594,0.003194001579607453,,0.0,0.18626268513465938,0.005979289234249626,,0.0,,0.0,,0.0,,0.0,,0.0,0.0003948121581735374,1.401713884133716e-05,260.2081298828125,0.0,0.0,0.0,16.38034184243944,0.10541083931214552,,0.0,,0.0,,0.0,,0.0,,0.0,,0.0,,0.0,,0.0,,0.0,0.004127391643372096,0.09860594168996124,0.10686072497670544,0.003614353036685781,-0.0008736122959450399,0.006355093777426522,0.0,,,0.0,,,0.0,,,0.004127391643372096,0.09860594168996124,0.10686072497670544,0.0036143530366857675,0.9936449062225736,1.0008736122959452,0.0,,,0.006766202727955041,0.17949648240670435,0.1930288878626144,0.0,,,0.0,,,0.0,,,0.0,,,0.0,,,1.5861885811296163e-05,0.00037895027236224124,0.00041067404398483355,0.0,260.2081298828125,260.2081298828125,0.0,0.0,0.0,0.11928359384664834,16.26105824859279,16.499625436286088,0.0,,,0.0,,,0.0,,,0.0,,,0.0,,,0.0,,,0.0,,,0.0,,,0.0,,
cifar100,SHARED_ADAPTER,FEDAVG,current,16,NA,NA,False,False,True,10,0.1,False,20,0.0,3,0.10360000000000001,0.004849742261192859,0.0006296296296296292,0.0005701779377163196,0.00036666666666666743,0.0002886751345948128,-0.08848148148148148,0.005188226621231079,0.0005666666666666663,0.0005131601439446878,0.10360000000000001,0.004849742261192859,0.9993703703703704,0.0005701779377163138,0.9994333333333333,0.0005131601439447085,0.18771466527233205,0.007940517048617271,0.18771579081041798,0.007940848698602824,0.5622894888620512,0.01731735977935182,0.07775765879438436,0.018068130523069725,0.4327367181202982,0.052409438984634536,0.697850743309747,0.021676399884066964,0.00039814282530932976,1.863793519202109e-05,260.2081298828125,0.0,0.0,0.0,20.29518349568049,0.08583362539930411,,0.0,,0.0,,0.0,,0.0,,0.0,,0.0,,0.0,,0.0,,0.0,0.005488000000000002,0.098112,0.10908800000000002,0.0006452170762199454,-1.5587446590316226e-05,0.0012748467058495746,0.0003266666666666666,4.000000000000081e-05,0.000693333333333334,0.0058710311113137105,-0.09435251259279519,-0.08261045037016777,0.0005806953685979512,-1.4028701931284929e-05,0.0011473620352646175,0.005488000000000002,0.098112,0.10908800000000002,0.0006452170762199389,0.9987251532941505,1.0000155874465904,0.0005806953685979745,0.9988526379647353,1.0000140287019312,0.00898554092482703,0.17872912434750501,0.19670020619715908,0.008985916222115562,0.17872987458830242,0.19670170703253353,0.01959643736731425,0.542693051494737,0.5818859262293654,0.020446014441645295,0.05731164435273906,0.09820367323602966,0.059306863263477796,0.3734298548568204,0.49204358138377596,0.024529155603930947,0.673321587705816,0.7223798989136779,2.1090809124494266e-05,0.0003770520161848355,0.00041923363443382403,0.0,260.2081298828125,260.2081298828125,0.0,0.0,0.0,0.09712989079042707,20.198053604890063,20.392313386470917,0.0,,,0.0,,,0.0,,,0.0,,,0.0,,,0.0,,,0.0,,,0.0,,,0.0,,
cifar100,SHARED_ADAPTER,FEDAVG,current,16,NA,NA,False,False,True,10,0.5,False,0,0.0,6,0.10256666666666665,0.0029398412655561312,0.0021481481481481486,0.0008032854347689448,,0.0,,0.0,,0.0,0.10256666666666665,0.0029398412655561312,0.9978518518518519,0.0008032854347689752,,0.0,0.18600224308767502,0.004820318966051216,,0.0,,0.0,,0.0,,0.0,,0.0,0.0003941716452628081,1.1298037716500729e-05,260.2081298828125,0.0,0.0,0.0,10.787430748012332,0.028025483950181937,,0.0,,0.0,,0.0,,0.0,,0.0,,0.0,,0.0,,0.0,,0.0,0.002352362934960884,0.10021430373170577,0.10491902960162754,0.0006427622147779277,0.0015053859333702209,0.002790910362926076,0.0,,,0.0,,,0.0,,,0.002352362934960884,0.10021430373170577,0.10491902960162754,0.000642762214777952,0.9972090896370739,0.9984946140666299,0.0,,,0.003857058475666652,0.18214518461200838,0.18985930156334166,0.0,,,0.0,,,0.0,,,0.0,,,0.0,,,9.040312983381033e-06,0.00038513133227942705,0.00040321195824618916,0.0,260.2081298828125,260.2081298828125,0.0,0.0,0.0,0.022425057587685048,10.765005690424646,10.809855805600018,0.0,,,0.0,,,0.0,,,0.0,,,0.0,,,0.0,,,0.0,,,0.0,,,0.0,,
cifar100,SHARED_ADAPTER,FEDAVG,current,16,NA,NA,False,False,True,10,0.7,False,20,0.0,9,0.1022888888888889,0.0030105831845526404,0.0019876543209876533,0.005136544343378648,-0.0005444444444444443,0.0013839356118612515,-0.08397530864197529,0.008135006236913569,0.001788888888888888,0.0046228899090407834,0.1022888888888889,0.0030105831845526404,0.9980123456790123,0.0051365443433786465,0.9982111111111112,0.00462288990904078,0.1855436007799866,0.004866255258023672,0.1855474458191647,0.004873971435310353,0.36250130413574216,0.017839615088875122,0.025879057218585855,0.006439363926927321,0.31992262977652924,0.027376005523975153,0.4047307433226814,0.010711117591844004,0.000393104123744926,1.1569904391182898e-05,260.2081298828125,0.0,0.0,0.0,20.041173672676084,0.089151268347515,,0.0,,0.0,,0.0,,0.0,,0.0,,0.0,,0.0,,0.0,,0.0,0.0019669143472410586,0.10032197454164785,0.10425580323612996,0.00335587563767405,-0.001368221316686397,0.0053435299586617035,0.0009041712664160177,-0.001448615710860462,0.00035972682197157337,0.005314870741450198,-0.08929017938342548,-0.0786604379005251,0.0030202880739066454,-0.0012313991850177574,0.0048091769627955335,0.0019669143472410586,0.10032197454164785,0.10425580323612996,0.003355875637674049,0.9946564700413383,1.0013682213166863,0.003020288073906643,0.9951908230372045,1.001231399185018,0.0031792867685754653,0.18236431401141115,0.18872288754856206,0.0031843280044027643,0.18236311781476194,0.18873177382356748,0.011655215191398413,0.35084608894434377,0.37415651932714056,0.00420705109892585,0.021672006119660005,0.030086108317511705,0.017885656942330432,0.30203697283419884,0.33780828671885965,0.0069979301600047485,0.3977328131626766,0.41172867348268616,7.559004202239494e-06,0.0003855451195426865,0.0004006631279471655,0.0,260.2081298828125,260.2081298828125,0.0,0.0,0.0,0.05824549532037646,19.982928177355706,20.099419167996462,0.0,,,0.0,,,0.0,,,0.0,,,0.0,,,0.0,,,0.0,,,0.0,,,0.0,,
cifar100,SHARED_ADAPTER,FEDAVG,current,32,NA,NA,False,False,True,10,0.7,False,20,0.0,3,0.1058,0.002116601048851674,0.006740740740740742,0.01014118441796504,-0.0017000000000000012,0.002847806173179628,-0.09133333333333332,0.014723375216905178,0.006066666666666667,0.009127065976168537,0.1058,0.002116601048851674,0.9932592592592592,0.01014118441796502,0.9939333333333334,0.009127065976168575,0.19122203514633884,0.0033455031881090952,0.19123503685464502,0.0033573435061768973,0.36069625139657524,0.024111991143496027,0.02053081196018479,0.0033100201752382765,0.32927233103291287,0.02650978791835912,0.3989416741863143,0.01969430668686771,0.0003277884366283742,6.55763089573788e-06,322.7691650390625,0.0,0.0,0.0,20.045772965749105,0.08382816383288877,,0.0,,0.0,,0.0,,0.0,,0.0,,0.0,,0.0,,0.0,,0.0,0.0023951595632302545,0.10340484043676976,0.10819515956323025,0.01147583048508296,-0.004735089744342218,0.0182165712258237,0.003222596054942867,-0.004922596054942868,0.0015225960549428658,0.016661067503925736,-0.10799440083725906,-0.07467226582940759,0.010328247436574664,-0.004261580769907997,0.016394914103241332,0.0023951595632302545,0.10340484043676976,0.10819515956323025,0.011475830485082935,0.9817834287741762,1.0047350897443421,0.010328247436574707,0.9836050858967588,1.0042615807699082,0.0037857932458098932,0.18743624190052896,0.19500782839214872,0.0037991918270244163,0.1874358450276206,0.19503422868166945,0.027285286571694798,0.3334109648248804,0.38798153796827006,0.0037456404368259462,0.016785171523358844,0.024276452397010734,0.029998649054016075,0.2992736819788968,0.3592709800869289,0.022286206003645594,0.3766554681826687,0.42122788018995994,7.420657927284924e-06,0.0003203677787010893,0.00033520909455565914,0.0,322.7691650390625,322.7691650390625,0.0,0.0,0.0,0.09486049739099715,19.95091246835811,20.1406334631401,0.0,,,0.0,,,0.0,,,0.0,,,0.0,,,0.0,,,0.0,,,0.0,,,0.0,,
cifar100,SI,FEDAVG,current,16,NA,NA,False,False,True,2,0.7,False,20,0.0,3,0.22683333333333333,0.014215601757693319,0.06466666666666668,0.015044378795195677,-0.03233333333333334,0.007522189397597839,-0.10000000000000002,0.0,0.03233333333333334,0.007522189397597839,0.22683333333333333,0.014215601757693319,0.9353333333333333,0.015044378795195662,0.9676666666666667,0.007522189397597874,0.36488325667276883,0.01742271151036779,0.36732925837081615,0.018235249826481,0.2945782648065352,0.022700518858039725,0.026247117177684326,0.02316547354478052,0.26833114762885096,0.020502534225414613,0.32082538198421956,0.04103110444884455,0.0006618900781482177,4.1480525018325814e-05,342.7054443359375,0.0,0.0,0.0,0.7216333243581984,0.03681670786056656,,0.0,,0.0,,0.0,,0.0,,0.0,,0.0,,0.0,,0.0,,0.0,0.016086467742933642,0.21074686559039968,0.24291980107626698,0.017024317248505966,0.047642349418160715,0.08169098391517264,0.008512158624252983,-0.04084549195758632,-0.023821174709080357,0.0,-0.10000000000000002,-0.10000000000000002,0.008512158624252983,0.023821174709080357,0.04084549195758632,0.016086467742933642,0.21074686559039968,0.24291980107626698,0.017024317248505953,0.9183090160848274,0.9523576505818393,0.008512158624253025,0.9591545080424136,0.9761788252909197,0.01971565407382711,0.34516760259894175,0.3845989107465959,0.020635127736275412,0.34669413063454074,0.38796438610709155,0.02568805531992949,0.2688902094866057,0.3202663201264647,0.026214201078489013,3.2916099195312576e-05,0.05246131825617334,0.02320080156206078,0.24513034606679018,0.29153194919091174,0.046431065629428586,0.27439431635479095,0.3672564476136482,4.6939632879496536e-05,0.0006149504452687212,0.0007088297110277141,0.0,342.7054443359375,342.7054443359375,0.0,0.0,0.0,0.04166202694018887,0.6799712974180095,0.7632953512983872,0.0,,,0.0,,,0.0,,,0.0,,,0.0,,,0.0,,,0.0,,,0.0,,,0.0,,
cifar100,TASK_ADAPTER,FEDAVG,current,8,NA,NA,False,False,True,10,0.7,False,20,0.0,6,0.10483333333333333,0.004350938596057942,0.0,0.0,0.0,0.0,-0.09751851851851852,0.0016669135619597252,0.0,0.0,0.10483333333333333,0.004350938596057942,1.0,0.0,1.0,0.0,0.18974883113485974,0.007124848054689581,0.18974883113485974,0.007124848054689581,0.36908911083930834,0.005346595785803847,0.024605862399770227,0.0029091115522478055,0.33250531005461054,0.004547960974535157,0.407528876081465,0.010045774176087974,0.00045793223577506725,1.9005739640822065e-05,228.9276123046875,0.0,0.0,0.0,20.086633511384328,0.08116650800715045,,0.0,,0.0,,0.0,,0.0,,0.0,,0.0,,0.0,,0.0,,0.0,0.0034814759577576344,0.1013518573755757,0.10831480929109097,0.0,0.0,0.0,0.0,0.0,0.0,0.0013338086395613296,-0.09885232715807984,-0.09618470987895719,0.0,0.0,0.0,0.0034814759577576344,0.1013518573755757,0.10831480929109097,0.0,1.0,1.0,0.0,1.0,1.0,0.00570106579475793,0.1840477653401018,0.19544989692961767,0.00570106579475793,0.1840477653401018,0.19544989692961767,0.004278167635137202,0.3648109432041711,0.37336727847444556,0.0023277740432287295,0.022278088356541496,0.026933636442998957,0.003639126694182671,0.3288661833604279,0.3361444367487932,0.008038293462196918,0.39949058261926806,0.4155671695436619,1.520775900603909e-05,0.00044272447676902815,0.00047313999478110636,0.0,228.9276123046875,228.9276123046875,0.0,0.0,0.0,0.06494673274820761,20.02168677863612,20.151580244132536,0.0,,,0.0,,,0.0,,,0.0,,,0.0,,,0.0,,,0.0,,,0.0,,,0.0,,
cifar100,TASK_ADAPTER,FEDAVG,current,16,NA,NA,False,False,True,10,-999999.0,False,0,0.0,3,0.1042,0.003858756276314943,0.0,0.0,,0.0,,0.0,,0.0,0.1042,0.003858756276314943,1.0,0.0,,0.0,0.18871917231749458,0.006332335207312742,,0.0,,0.0,,0.0,,0.0,,0.0,0.00040044867178795515,1.4829499286024507e-05,260.2081298828125,0.0,0.0,0.0,16.376276842753093,0.09766480132264413,,0.0,,0.0,,0.0,,0.0,,0.0,,0.0,,0.0,,0.0,,0.0,0.004366593790740477,0.09983340620925953,0.10856659379074048,0.0,0.0,0.0,0.0,,,0.0,,,0.0,,,0.004366593790740477,0.09983340620925953,0.10856659379074048,0.0,1.0,1.0,0.0,,,0.007165711855620275,0.1815534604618743,0.19588488417311486,0.0,,,0.0,,,0.0,,,0.0,,,0.0,,,1.6781158193277878e-05,0.0003836675135946773,0.000417229829981233,0.0,260.2081298828125,260.2081298828125,0.0,0.0,0.0,0.11051812669460062,16.265758716058492,16.486794969447693,0.0,,,0.0,,,0.0,,,0.0,,,0.0,,,0.0,,,0.0,,,0.0,,,0.0,,
cifar100,TASK_ADAPTER,FEDAVG,current,16,NA,NA,False,False,True,10,0.1,False,20,0.0,3,0.10513333333333334,0.00520032050294338,0.0,0.0,0.0,0.0,-0.0891111111111111,0.010722653992457993,0.0,0.0,0.10513333333333334,0.00520032050294338,1.0,0.0,1.0,0.0,0.1902369321325302,0.008506733493485422,0.1902369321325302,0.008506733493485422,0.5945439664387497,0.01080699402140508,0.06051080200637504,0.001467717743832551,0.5040495504256278,0.009474429789734196,0.6997189795207599,0.02588195342456733,0.00040403554408803923,1.998523453239295e-05,260.2081298828125,0.0,0.0,0.0,20.228555246194205,0.029863751579881352,,0.0,,0.0,,0.0,,0.0,,0.0,,0.0,,0.0,,0.0,,0.0,0.005884716626803514,0.09924861670652983,0.11101804996013685,0.0,0.0,0.0,0.0,0.0,0.0,0.012133825251186761,-0.10124493636229787,-0.07697728585992433,0.0,0.0,0.0,0.005884716626803514,0.09924861670652983,0.11101804996013685,0.0,1.0,1.0,0.0,1.0,1.0,0.0096262751498809,0.1806106569826493,0.1998632072824111,0.0096262751498809,0.1806106569826493,0.1998632072824111,0.012229264978482242,0.5823147014602675,0.6067732314172319,0.0016608789796123827,0.05884992302676266,0.062171680985987424,0.010721326595461645,0.49332822383016617,0.5147708770210895,0.029288187442581513,0.6704307920781784,0.7290071669633414,2.2615421852705955e-05,0.0003814201222353333,0.0004266509659407452,0.0,260.2081298828125,260.2081298828125,0.0,0.0,0.0,0.033794016226766956,20.194761229967437,20.262349262420972,0.0,,,0.0,,,0.0,,,0.0,,,0.0,,,0.0,,,0.0,,,0.0,,,0.0,,
cifar100,TASK_ADAPTER,FEDAVG,current,16,NA,NA,False,False,True,10,0.5,False,0,0.0,6,0.10426666666666666,0.004498295973662318,0.0,0.0,,0.0,,0.0,,0.0,0.10426666666666666,0.004498295973662318,1.0,0.0,,0.0,0.18881828738183626,0.007360798228265282,,0.0,,0.0,,0.0,,0.0,,0.0,0.00040070487695224687,1.7287299884473928e-05,260.2081298828125,0.0,0.0,0.0,10.771051091618007,0.04730285792067232,,0.0,,0.0,,0.0,,0.0,,0.0,,0.0,,0.0,,0.0,,0.0,0.003599386416846314,0.10066728024982034,0.10786605308351298,0.0,0.0,0.0,0.0,,,0.0,,,0.0,,,0.003599386416846314,0.10066728024982034,0.10786605308351298,0.0,1.0,1.0,0.0,,,0.005889865254551917,0.18292842212728433,0.1947081526363882,0.0,,,0.0,,,0.0,,,0.0,,,0.0,,,1.3832720824162331e-05,0.00038687215612808455,0.0004145375977764092,0.0,260.2081298828125,260.2081298828125,0.0,0.0,0.0,0.037850169325132174,10.733200922292875,10.80890126094314,0.0,,,0.0,,,0.0,,,0.0,,,0.0,,,0.0,,,0.0,,,0.0,,,0.0,,
cifar100,TASK_ADAPTER,FEDAVG,current,16,NA,NA,False,False,True,10,0.7,False,20,0.0,6,0.10033333333333332,0.0007607014306984449,0.0,0.0,0.0,0.0,-0.09192592592592592,0.0072051650426746714,0.0,0.0,0.10033333333333332,0.0007607014306984449,1.0,0.0,1.0,0.0,0.1823682554321878,0.0012561135356851697,0.1823682554321878,0.0012561135356851697,0.3842435875545078,0.003996380024819504,0.02917563961816383,0.008256717404047516,0.3393068824817667,0.013879905615662177,0.4274860934556246,0.010144635281472443,0.0003855887722590355,2.9234345254356176e-06,260.2081298828125,0.0,0.0,0.0,20.168377016650307,0.12379449123869771,,0.0,,0.0,,0.0,,0.0,,0.0,,0.0,,0.0,,0.0,,0.0,0.0006086879149266676,0.09972464541840664,0.10094202124825999,0.0,0.0,0.0,0.0,0.0,0.0,0.005765332769916566,-0.0976912586958425,-0.08616059315600935,0.0,0.0,0.0,0.0006086879149266676,0.09972464541840664,0.10094202124825999,0.0,1.0,1.0,0.0,1.0,1.0,0.0010051001590010988,0.1813631552731867,0.1833733555911889,0.0010051001590010988,0.1813631552731867,0.1833733555911889,0.0031977700138259265,0.3810458175406819,0.38744135756833376,0.0066067498994894225,0.022568889718674406,0.03578238951765325,0.011106237569211959,0.32820064491255474,0.3504131200509787,0.00811739882163941,0.4193686946339852,0.435603492277264,2.3392348086925664e-06,0.0003832495374503429,0.0003879280070677281,0.0,260.2081298828125,260.2081298828125,0.0,0.0,0.0,0.09905622325740235,20.069320793392905,20.26743323990771,0.0,,,0.0,,,0.0,,,0.0,,,0.0,,,0.0,,,0.0,,,0.0,,,0.0,,
cifar100,TASK_ADAPTER,FEDAVG,current,32,NA,NA,False,False,True,10,0.7,False,20,0.0,6,0.10623333333333333,0.0030428057227937936,0.0,0.0,0.0,0.0,-0.09337037037037037,0.010184632981663763,0.0,0.0,0.10623333333333333,0.0030428057227937936,1.0,0.0,1.0,0.0,0.1920517604668773,0.0049720686815114745,0.1920517604668773,0.0049720686815114745,0.3687124182800836,0.008392605323701102,0.02203687263550509,0.003862000959334799,0.3359113260535911,0.01780615569119565,0.41261234824952214,0.0035636794933958937,0.00032913098536062655,9.427188382215968e-06,322.7691650390625,0.0,0.0,0.0,20.2633045302497,0.05375878346289406,,0.0,,0.0,,0.0,,0.0,,0.0,,0.0,,0.0,,0.0,,0.0,0.002434751659706682,0.10379858167362666,0.10866808499304001,0.0,0.0,0.0,0.0,0.0,0.0,0.008149403647381571,-0.10151977401775195,-0.08522096672298879,0.0,0.0,0.0,0.002434751659706682,0.10379858167362666,0.10866808499304001,0.0,1.0,1.0,0.0,1.0,1.0,0.003978483537020107,0.1880732769298572,0.1960302440038974,0.003978483537020107,0.1880732769298572,0.1960302440038974,0.0067154828808402255,0.3619969353992434,0.37542790116092384,0.0030902443672597324,0.018946628268245357,0.02512711700276482,0.01424789193650146,0.32166343411708964,0.35015921799009253,0.002851537479442398,0.40976081077007975,0.41546388572896453,7.543321740204101e-06,0.00032158766362042247,0.00033667430710083063,0.0,322.7691650390625,322.7691650390625,0.0,0.0,0.0,0.04301598563444124,20.22028854461526,20.306320515884142,0.0,,,0.0,,,0.0,,,0.0,,,0.0,,,0.0,,,0.0,,,0.0,,,0.0,,
cifar100,TRUE_FEDAVG,FEDAVG,current,16,NA,NA,False,False,True,10,-999999.0,False,0,0.0,3,0.371,0.005068530358989664,0.32081481481481483,0.009581575254734449,,0.0,,0.0,,0.0,0.371,0.005068530358989664,0.6791851851851852,0.009581575254734449,,0.0,0.4798489117151239,0.005196948322647959,,0.0,,0.0,,0.0,,0.0,,0.0,8.660498539062058e-06,1.1831805867714817e-07,42838.18054199219,0.0,0.0,0.0,31.762427039941155,0.02124790367797171,,0.0,,0.0,,0.0,,0.0,,0.0,,0.0,,0.0,,0.0,,0.0,0.005735582039630607,0.3652644179603694,0.3767355820396306,0.01084257310305992,0.3099722417117549,0.33165738791787475,0.0,,,0.0,,,0.0,,,0.005735582039630607,0.3652644179603694,0.3767355820396306,0.01084257310305992,0.6683426120821253,0.6900277582882451,0.0,,,0.005880900645568933,0.47396801106955494,0.48572981236069285,0.0,,,0.0,,,0.0,,,0.0,,,0.0,,,1.3388948753340106e-07,8.526609051528657e-06,8.79438802659546e-06,0.0,42838.18054199219,42838.18054199219,0.0,0.0,0.0,0.024044266500056723,31.7383827734411,31.78647130644121,0.0,,,0.0,,,0.0,,,0.0,,,0.0,,,0.0,,,0.0,,,0.0,,,0.0,,
cifar100,TRUE_FEDAVG,FEDAVG,current,16,NA,NA,False,False,True,10,0.1,False,20,0.0,3,0.1562,0.004288356328478329,0.14537037037037037,0.005579208905970523,-0.13083333333333333,0.005021288015373469,-0.0878148148148148,0.010907203041536376,0.13083333333333333,0.005021288015373469,0.1562,0.004288356328478329,0.8546296296296297,0.005579208905970508,0.8691666666666666,0.005021288015373454,0.26411507239625553,0.0063818132096300885,0.2647989271696101,0.006383094242013678,0.5391028658868665,0.013162895841216053,0.06798612689606463,0.014524563552143198,0.42538994885522036,0.027533718070166475,0.6745035119061535,0.06526139635836221,3.6462799779015995e-06,1.001059399400648e-07,42838.18054199219,0.0,0.0,0.0,33.31420207685894,0.08113673167614462,,0.0,,0.0,,0.0,,0.0,,0.0,,0.0,,0.0,,0.0,,0.0,0.0048527320140308765,0.15134726798596912,0.1610527320140309,0.006313469216905389,0.13905690115346497,0.15168383958727577,0.005682122295214848,-0.13651545562854817,-0.1251512110381185,0.012342662159788386,-0.10015747697460319,-0.07547215265502642,0.005682122295214848,0.1251512110381185,0.13651545562854817,0.0048527320140308765,0.15134726798596912,0.1610527320140309,0.006313469216905372,0.8483161604127244,0.8609430988465351,0.00568212229521483,0.8634845443714518,0.8748487889618815,0.007221701486015769,0.2568933709102398,0.2713367738822713,0.0072231511106231215,0.257575776058987,0.2720220782802332,0.014895218856192544,0.524207647030674,0.553998084743059,0.016436090926315736,0.0515500359697489,0.08442221782238037,0.031157335097619684,0.39423261375760066,0.45654728395284006,0.07385022212017492,0.6006532897859787,0.7483537340263284,1.1328053508887877e-07,3.5329994428127207e-06,3.7595605129904783e-06,0.0,42838.18054199219,42838.18054199219,0.0,0.0,0.0,0.09181485519380153,33.22238722166514,33.406016932052744,0.0,,,0.0,,,0.0,,,0.0,,,0.0,,,0.0,,,0.0,,,0.0,,,0.0,,
cifar100,TRUE_FEDAVG,FEDAVG,current,16,NA,NA,False,False,True,10,0.5,False,0,0.0,6,0.3048,0.026208014041510276,0.2842222222222222,0.033340369627728794,,0.0,,0.0,,0.0,0.3048,0.026208014041510276,0.7157777777777778,0.03334036962772875,,0.0,0.4273878060581355,0.03158083525132861,,0.0,,0.0,,0.0,,0.0,,0.0,7.115148125892492e-06,6.117910170302358e-07,42838.18054199219,0.0,0.0,0.0,18.861666480700176,0.04709318219917425,,0.0,,0.0,,0.0,,0.0,,0.0,,0.0,,0.0,,0.0,,0.0,0.020970778780642997,0.283829221219357,0.32577077878064303,0.02667785185174902,0.2575443703704732,0.31090007407397124,0.0,,,0.0,,,0.0,,,0.020970778780642997,0.283829221219357,0.32577077878064303,0.026677851851748986,0.6890999259260289,0.7424556296295268,0.0,,,0.025269931125440584,0.4021178749326949,0.45265773718357605,0.0,,,0.0,,,0.0,,,0.0,,,0.0,,,4.895347681745342e-07,6.6256133577179585e-06,7.604682894067026e-06,0.0,42838.18054199219,42838.18054199219,0.0,0.0,0.0,0.037682393805619586,18.823984086894555,18.899348874505797,0.0,,,0.0,,,0.0,,,0.0,,,0.0,,,0.0,,,0.0,,,0.0,,,0.0,,
cifar100,TRUE_FEDAVG,FEDAVG,current,16,NA,NA,False,False,True,10,0.7,False,20,0.0,6,0.35779999999999995,0.030014529814741377,0.3170740740740741,0.031829845972769145,-0.2853666666666667,0.028646861375492213,-0.08670370370370369,0.007312653220230092,0.2853666666666667,0.028646861375492213,0.35779999999999995,0.030014529814741377,0.6829259259259258,0.031829845972769166,0.7146333333333333,0.028646861375492216,0.46944732122994376,0.03344096804859743,0.476673881761299,0.03313352157261616,0.4487169219114991,0.022202980924639206,0.03293061375978442,0.00318003955061786,0.39793275275731416,0.024096844180241803,0.5076800298855929,0.024728513209673068,8.352362202901358e-06,7.006490339924595e-07,42838.18054199219,0.0,0.0,0.0,33.28712531460656,0.06166363030890172,,0.0,,0.0,,0.0,,0.0,,0.0,,0.0,,0.0,,0.0,,0.0,0.024016625752451837,0.3337833742475481,0.3818166257524518,0.025469181200057717,0.2916048928740164,0.3425432552741318,0.022922263080051932,-0.3082889297467186,-0.2624444035866148,0.005851341224791436,-0.09255504492849512,-0.08085236247891225,0.022922263080051932,0.2624444035866148,0.3082889297467186,0.024016625752451837,0.3337833742475481,0.3818166257524518,0.025469181200057735,0.6574567447258681,0.7083951071259835,0.022922263080051932,0.6917110702532814,0.7375555964133853,0.026758347353101276,0.4426889738768425,0.49620566858304505,0.02651233893657343,0.45016154282472554,0.5031862206978724,0.017766084851144004,0.4309508370603551,0.4664830067626431,0.0025445615918885368,0.030386052167895885,0.03547517535167296,0.019281491066629294,0.37865126169068486,0.41721424382394345,0.019786931557381687,0.4878930983282112,0.5274669614429746,5.606359898714542e-07,7.791726213029904e-06,8.912998192772812e-06,0.0,42838.18054199219,42838.18054199219,0.0,0.0,0.0,0.049341180448513364,33.23778413415805,33.33646649505508,0.0,,,0.0,,,0.0,,,0.0,,,0.0,,,0.0,,,0.0,,,0.0,,,0.0,,
cifar100,TRUE_FEDAVG,JOINT_ONLY,current,16,NA,NA,False,False,True,2,0.7,False,20,0.0,3,0.23516666666666666,0.03644287767634897,0.18633333333333335,0.042723919920032306,-0.09316666666666668,0.021361959960016153,-0.10000000000000002,0.0,0.09316666666666668,0.021361959960016153,0.23516666666666666,0.03644287767634897,0.8136666666666666,0.04272391992003229,0.9068333333333333,0.021361959960016164,0.36419713664792724,0.04620879891254941,0.37267741824165596,0.04667029206137433,0.2228990058435043,0.05169001016934666,0.097897754180018,0.03315961182812345,0.12500125166348633,0.0721895487197578,0.32079676002352225,0.04828564042689796,,0.0,0.0,0.0,0.0,0.0,0.614717882209354,0.05096726587982584,,0.0,,0.0,,0.0,,0.0,,0.0,,0.0,,0.0,,0.0,,0.0,0.04123899826350998,0.19392766840315667,0.27640566493017665,0.04834666666666667,0.13798666666666667,0.23468000000000003,0.024173333333333335,-0.11734000000000001,-0.06899333333333334,0.0,-0.10000000000000002,-0.10000000000000002,0.024173333333333335,0.06899333333333334,0.11734000000000001,0.04123899826350998,0.19392766840315667,0.27640566493017665,0.048346666666666656,0.76532,0.8620133333333333,0.02417333333333335,0.8826599999999999,0.9310066666666666,0.052290178482535796,0.31190695816539143,0.41648731513046305,0.05281240714219413,0.3198650110994618,0.4254898253838501,0.05849275291994611,0.1644062529235582,0.2813917587634504,0.03752363319777352,0.060374120982244484,0.13542138737779152,0.08169016455661834,0.043311087106867985,0.20669141622010467,0.05464034589698751,0.26615641412653473,0.3754371059205098,0.0,,,0.0,0.0,0.0,0.0,0.0,0.0,0.05767489076413029,0.5570429914452237,0.6723927729734842,0.0,,,0.0,,,0.0,,,0.0,,,0.0,,,0.0,,,0.0,,,0.0,,,0.0,,
cifar100,TRUE_FEDAVG,JOINT_ONLY,current,16,NA,NA,False,False,True,10,0.7,False,20,0.0,3,0.21409999999999998,0.04011520908583178,0.33488888888888885,0.020535726171302414,-0.30139999999999995,0.018482153554172206,-0.09070370370370369,0.007412313190312169,0.30139999999999995,0.018482153554172206,0.21409999999999998,0.04011520908583178,0.6651111111111111,0.020535726171302438,0.6986,0.018482153554172206,0.32290299367473696,0.04914529764615876,0.32669043345272186,0.04987452520522778,0.21843241770797472,0.0423712106177102,0.05562443730822871,0.010562914346583529,0.14013668199358773,0.03843080432688501,0.3537379417201065,0.015753902189900065,,0.0,0.0,0.0,0.0,0.0,33.03878362046348,0.03760026848161099,,0.0,,0.0,,0.0,,0.0,,0.0,,0.0,,0.0,,0.0,,0.0,0.04539463245803407,0.1687053675419659,0.25949463245803406,0.023238361784691547,0.3116505271041973,0.3581272506735804,0.020914525606222433,-0.32231452560622237,-0.2804854743937775,0.008387821990859308,-0.099091525694563,-0.08231588171284437,0.020914525606222433,0.2804854743937775,0.32231452560622237,0.04539463245803407,0.1687053675419659,0.25949463245803406,0.023238361784691578,0.6418727493264195,0.6883494728958027,0.020914525606222433,0.6776854743937776,0.7195145256062224,0.05561313961781152,0.26728985405692546,0.37851613329254846,0.056438338283768354,0.2702520951689535,0.38312877173649024,0.04794753851780962,0.1704848791901651,0.26637995622578436,0.011953062825196844,0.04367137448303187,0.06757750013342556,0.04348854903766976,0.09664813295591797,0.1836252310312575,0.01782721855344664,0.3359107231666598,0.37156516027355313,0.0,,,0.0,0.0,0.0,0.0,0.0,0.0,0.042548709253742205,32.99623491120973,33.08133232971722,0.0,,,0.0,,,0.0,,,0.0,,,0.0,,,0.0,,,0.0,,,0.0,,,0.0,,
digit5,FULL_FEDAVG,FEDAVG,current,16,NA,NA,False,False,True,10,-999999.0,False,0,0.0,3,0.12684768070710503,0.009693138313718987,0.0,0.0,,0.0,,0.0,,0.0,0.12684768070710503,0.009693138313718987,1.0,0.0,,0.0,0.22505010158556996,0.01519266464199836,,0.0,,0.0,,0.0,,0.0,,0.0,0.01296388242155296,0.0009906425146633737,9.784698486328125,0.0,0.0,0.0,63.835006140338045,0.1286509608229167,,0.0,,0.0,,0.0,,0.0,,0.0,,0.0,,0.0,,0.0,,0.0,0.010968818588847148,0.11587886211825789,0.1378164992959522,0.0,0.0,0.0,0.0,,,0.0,,,0.0,,,0.010968818588847148,0.11587886211825789,0.1378164992959522,0.0,1.0,1.0,0.0,,,0.01719211848070031,0.20785798310486964,0.24224222006627028,0.0,,,0.0,,,0.0,,,0.0,,,0.0,,,0.0011210175361227098,0.011842864885430252,0.01408489995767567,0.0,9.784698486328125,9.784698486328125,0.0,0.0,0.0,0.1455822670507253,63.68942387328732,63.98058840738877,0.0,,,0.0,,,0.0,,,0.0,,,0.0,,,0.0,,,0.0,,,0.0,,,0.0,,
digit5,FULL_FEDAVG,FEDAVG,current,16,NA,NA,False,False,True,10,0.7,False,0,0.0,6,0.12222790153739338,0.007207307626299366,0.0,0.0,,0.0,,0.0,,0.0,0.12222790153739338,0.007207307626299366,1.0,0.0,,0.0,0.21776968042416445,0.011420410451905524,,0.0,,0.0,,0.0,,0.0,,0.0,0.012491739189324932,0.0007365896492743164,9.784698486328125,0.0,0.0,0.0,41.11902174817191,0.12547951262359278,,0.0,,0.0,,0.0,,0.0,,0.0,,0.0,,0.0,,0.0,,0.0,0.005767047193876403,0.11646085434351698,0.1279949487312698,0.0,0.0,0.0,0.0,,,0.0,,,0.0,,,0.005767047193876403,0.11646085434351698,0.1279949487312698,0.0,1.0,1.0,0.0,,,0.009138231565036684,0.20863144885912777,0.22690791198920113,0.0,,,0.0,,,0.0,,,0.0,,,0.0,,,0.0005893944715756477,0.011902344717749284,0.01308113366090058,0.0,9.784698486328125,9.784698486328125,0.0,0.0,0.0,0.10040452117296814,41.01861722699894,41.21942626934488,0.0,,,0.0,,,0.0,,,0.0,,,0.0,,,0.0,,,0.0,,,0.0,,,0.0,,
digit5,FULL_FEDAVG,FEDAVG,current,16,NA,NA,False,False,True,10,0.7,False,20,0.0,3,0.12016012675948957,0.01072014776000519,0.0,0.0,0.0,0.0,0.004247398254317059,0.014954054804020562,0.0,0.0,0.12016012675948957,0.01072014776000519,1.0,0.0,1.0,0.0,0.2144325506686046,0.01699515942774257,0.2144325506686046,0.01699515942774257,0.310546403373109,0.011908664911422054,0.05607366442892623,0.020442536019380484,0.22570890521900674,0.013717102264601438,0.4170330692131523,0.07709065768089944,0.012280411800873152,0.0010956032804673675,9.784698486328125,0.0,0.0,0.0,71.29989346265792,0.5173969094781776,,0.0,,0.0,,0.0,,0.0,,0.0,,0.0,,0.0,,0.0,,0.0,0.01213098918218346,0.10802913757730612,0.13229111594167303,0.0,0.0,0.0,0.0,0.0,0.0,0.016922106030492268,-0.012674707776175208,0.021169504284809328,0.0,0.0,0.0,0.01213098918218346,0.10802913757730612,0.13229111594167303,0.0,1.0,1.0,0.0,1.0,1.0,0.019231833346234448,0.19520071732237015,0.23366438401483902,0.019231833346234448,0.19520071732237015,0.23366438401483902,0.013475922948905204,0.2970704804242038,0.3240223263220142,0.02313290720046757,0.032940757228458656,0.0792065716293938,0.015522362462539761,0.21018654275646698,0.2412312676815465,0.08723629144958225,0.3297967777635701,0.5042693606627345,0.0012397918238496286,0.011040619977023524,0.01352020362472278,0.0,9.784698486328125,9.784698486328125,0.0,0.0,0.0,0.5854897201316083,70.71440374252631,71.88538318278952,0.0,,,0.0,,,0.0,,,0.0,,,0.0,,,0.0,,,0.0,,,0.0,,,0.0,,
digit5,SHARED_ADAPTER,FEDAVG,current,16,NA,NA,False,False,True,10,-999999.0,False,0,0.0,3,0.11817260285096041,0.001311039545399944,0.016743799525841655,0.006267029451671508,,0.0,,0.0,,0.0,0.11817260285096041,0.001311039545399944,0.9832562004741584,0.006267029451671499,,0.0,0.21098463098002893,0.002030559528040296,,0.0,,0.0,,0.0,,0.0,,0.0,0.002810837383337462,3.1184207475666955e-05,42.041778564453125,0.0,0.0,0.0,64.05015259186426,0.16701409629301958,,0.0,,0.0,,0.0,,0.0,,0.0,,0.0,,0.0,,0.0,,0.0,0.0014835809075316082,0.11668902194342881,0.11965618375849202,0.007091811436246042,0.009651988089595612,0.023835610962087698,0.0,,,0.0,,,0.0,,,0.0014835809075316082,0.11668902194342881,0.11965618375849202,0.0070918114362460314,0.9761643890379124,0.9903480119104044,0.0,,,0.0022977944166344636,0.20868683656339446,0.2132824253966634,0.0,,,0.0,,,0.0,,,0.0,,,0.0,,,3.528825273786126e-05,0.002775549130599601,0.002846125636075323,0.0,42.041778564453125,42.041778564453125,0.0,0.0,0.0,0.1889942415683444,63.861158350295916,64.2391468334326,0.0,,,0.0,,,0.0,,,0.0,,,0.0,,,0.0,,,0.0,,,0.0,,,0.0,,
digit5,SHARED_ADAPTER,FEDAVG,current,16,NA,NA,False,False,True,10,0.7,False,0,0.0,6,0.11182448313590448,0.004638314470031083,0.013035154588826392,0.012002292681044587,,0.0,,0.0,,0.0,0.11182448313590448,0.004638314470031083,0.9869648454111736,0.01200229268104457,,0.0,0.2008719736602872,0.007672833228214251,,0.0,,0.0,,0.0,,0.0,,0.0,0.002659841875254382,0.00011032631416675698,42.041778564453125,0.0,0.0,0.0,41.29503650003009,0.1612843418992989,,0.0,,0.0,,0.0,,0.0,,0.0,,0.0,,0.0,,0.0,,0.0,0.0037114245479270176,0.10811305858797747,0.1155359076838315,0.00960383431861944,0.003431320270206952,0.022638988907445833,0.0,,,0.0,,,0.0,,,0.0037114245479270176,0.10811305858797747,0.1155359076838315,0.009603834318619426,0.9773610110925541,0.996568679729793,0.0,,,0.006139545254928271,0.19473242840535893,0.20701151891521546,0.0,,,0.0,,,0.0,,,0.0,,,0.0,,,8.827943713744492e-05,0.002571562438116937,0.002748121312391827,0.0,42.041778564453125,42.041778564453125,0.0,0.0,0.0,0.12905435144359684,41.165982148586494,41.42409085147369,0.0,,,0.0,,,0.0,,,0.0,,,0.0,,,0.0,,,0.0,,,0.0,,,0.0,,
digit5,SHARED_ADAPTER,FEDAVG,current,16,NA,NA,False,False,True,10,0.7,False,20,0.0,3,0.12329094676709414,0.0072186475805581084,0.0042747055295694475,0.00385096427462793,-0.0033941549174068392,0.003121271119163986,0.013926420292258932,0.013320342076396501,0.0034197644236555586,0.0030807714197023444,0.12329094676709414,0.0072186475805581084,0.9957252944704305,0.003850964274627909,0.9965802355763445,0.003080771419702339,0.21936288357672043,0.011370796960254668,0.219384107932911,0.011378087757255535,0.30662023258725163,0.01520478412894017,0.046649757228986934,0.007828472722061526,0.2360395575732862,0.030109274942580234,0.38033842686749364,0.037032309251539636,0.0029325816123140485,0.00017170176493583387,42.041778564453125,0.0,0.0,0.0,71.94423544406891,0.19031288129201626,,0.0,,0.0,,0.0,,0.0,,0.0,,0.0,,0.0,,0.0,,0.0,0.00816866872268772,0.11512227804440642,0.13145961548978186,0.004357776310768292,-8.307078119884452e-05,0.00863248184033774,0.0035320507728917386,-0.006926205690298578,0.00013789585548489936,0.01507338604367062,-0.0011469657514116879,0.02899980633592955,0.0034862210486146343,-6.64566249590757e-05,0.006905985472270193,0.00816866872268772,0.11512227804440642,0.13145961548978186,0.004357776310768269,0.9913675181596622,1.0000830707811987,0.003486221048614628,0.9930940145277298,1.000066456624959,0.012867268064371077,0.20649561551234935,0.2322301516410915,0.01287551837784875,0.20650858955506224,0.23225962631075975,0.017205832971234965,0.28941439961601667,0.3238260655584866,0.008858750833514695,0.03779100639547224,0.05550850806250163,0.034071852066678184,0.20196770550660803,0.2701114096399644,0.041906002881576164,0.3384324239859175,0.4222444297490698,0.00019429883800383356,0.0027382827743102148,0.0031268804503178822,0.0,42.041778564453125,42.041778564453125,0.0,0.0,0.0,0.2153592987586298,71.72887614531028,72.15959474282754,0.0,,,0.0,,,0.0,,,0.0,,,0.0,,,0.0,,,0.0,,,0.0,,,0.0,,
digit5,SHARED_ADAPTER,SCAFFOLD,current,16,NA,NA,False,False,True,2,0.7,True,20,0.0,3,0.098259885269412,0.02026790287733562,0.0,0.0,0.0,0.0,0.041185207949190734,0.0596154941208705,0.0,0.0,0.098259885269412,0.02026790287733562,1.0,0.0,1.0,0.0,0.17852813234328715,0.033265790633849,0.17852813234328715,0.033265790633849,0.16558778151619985,0.02892740249610951,0.017266664920598297,0.01939599610741502,0.14832111659560154,0.047396755825070684,0.18285444643679816,0.013399481243697062,0.14607476274875655,0.03013059801671962,0.67266845703125,0.0,2.34527587890625,0.0,6.024793059296077,0.03874319855821072,,0.0,,0.0,,0.0,,0.0,,0.0,,0.0,,0.0,,0.0,,0.0,0.02293529119699227,0.07532459407241973,0.12119517646640426,0.0,0.0,0.0,0.0,0.0,0.0,0.06746128229397198,-0.02627607434478125,0.10864649024316272,0.0,0.0,0.0,0.02293529119699227,0.07532459407241973,0.12119517646640426,0.0,1.0,1.0,0.0,1.0,1.0,0.037643785827426564,0.1408843465158606,0.2161719181707137,0.037643785827426564,0.1408843465158606,0.2161719181707137,0.03273443749144754,0.1328533440247523,0.1983222190076474,0.021948635804681312,-0.004681970884083016,0.03921530072527961,0.05363447827926626,0.09468663831633528,0.2019555948748678,0.015162940441977687,0.16769150599482047,0.19801738687877585,0.03409598139656306,0.1119787813521935,0.1801707441453196,0.0,0.67266845703125,0.67266845703125,0.0,2.34527587890625,2.34527587890625,0.04384205638902616,5.980951002907051,6.068635115685104,0.0,,,0.0,,,0.0,,,0.0,,,0.0,,,0.0,,,0.0,,,0.0,,,0.0,,
digit5,TASK_ADAPTER,FEDAVG,current,16,NA,NA,False,False,True,10,-999999.0,False,0,0.0,3,0.12660659354386206,0.010153230642837654,0.0,0.0,,0.0,,0.0,,0.0,0.12660659354386206,0.010153230642837654,1.0,0.0,,0.0,0.2246611242948916,0.016027084520892486,,0.0,,0.0,,0.0,,0.0,,0.0,0.0030114471334690297,0.00024150335664967204,42.041778564453125,0.0,0.0,0.0,64.11731096506118,0.0641181752407885,,0.0,,0.0,,0.0,,0.0,,0.0,,0.0,,0.0,,0.0,,0.0,0.011489462071781887,0.11511713147208016,0.13809605561564395,0.0,0.0,0.0,0.0,,,0.0,,,0.0,,,0.011489462071781887,0.11511713147208016,0.13809605561564395,0.0,1.0,1.0,0.0,,,0.018136353462425838,0.20652477083246576,0.24279747775731744,0.0,,,0.0,,,0.0,,,0.0,,,0.0,,,0.00027328677482489725,0.0027381603586441325,0.003284733908293927,0.0,42.041778564453125,42.041778564453125,0.0,0.0,0.0,0.07255654564102501,64.04475441942016,64.1898675107022,0.0,,,0.0,,,0.0,,,0.0,,,0.0,,,0.0,,,0.0,,,0.0,,,0.0,,
digit5,TASK_ADAPTER,FEDAVG,current,16,NA,NA,False,False,True,10,0.7,False,0,0.0,6,0.12437590216872492,0.0019277369202718216,0.0,0.0,,0.0,,0.0,,0.0,0.12437590216872492,0.0019277369202718216,1.0,0.0,,0.0,0.2212310903308937,0.0030486908648951344,,0.0,,0.0,,0.0,,0.0,,0.0,0.002958388213240017,4.585288696377252e-05,42.041778564453125,0.0,0.0,0.0,41.363034119208656,0.1749616567570423,,0.0,,0.0,,0.0,,0.0,,0.0,,0.0,,0.0,,0.0,,0.0,0.0015425107922434852,0.12283339137648143,0.1259184129609684,0.0,0.0,0.0,0.0,,,0.0,,,0.0,,,0.0015425107922434852,0.12283339137648143,0.1259184129609684,0.0,1.0,1.0,0.0,,,0.00243946075414262,0.21879162957675108,0.2236705510850363,0.0,,,0.0,,,0.0,,,0.0,,,0.0,,,3.6689950922954055e-05,0.002921698262317063,0.002995078164162971,0.0,42.041778564453125,42.041778564453125,0.0,0.0,0.0,0.13999848264486392,41.22303563656379,41.50303260185352,0.0,,,0.0,,,0.0,,,0.0,,,0.0,,,0.0,,,0.0,,,0.0,,,0.0,,
digit5,TASK_ADAPTER,FEDAVG,current,16,NA,NA,False,False,True,10,0.7,False,20,0.0,3,0.11899559945898928,0.014587770780609674,0.0,0.0,0.0,0.0,-0.0033378771690424206,0.001986960010940947,0.0,0.0,0.11899559945898928,0.014587770780609674,1.0,0.0,1.0,0.0,0.2124798707831719,0.023358368218949627,0.2124798707831719,0.023358368218949627,0.31315124630105046,0.019840663003709035,0.04562378360812328,0.014319283847306033,0.2475506617361344,0.03816053449391471,0.396085830300116,0.019595696862871263,0.0028304130681950173,0.00034698272239471384,42.041778564453125,0.0,0.0,0.0,71.7240788684951,0.2503921132237241,,0.0,,0.0,,0.0,,0.0,,0.0,,0.0,,0.0,,0.0,,0.0,0.016507616638640643,0.10248798282034864,0.13550321609762994,0.0,0.0,0.0,0.0,0.0,0.0,0.0022484569184841236,-0.005586334087526544,-0.001089420250558297,0.0,0.0,0.0,0.016507616638640643,0.10248798282034864,0.13550321609762994,0.0,1.0,1.0,0.0,1.0,1.0,0.026432481950920295,0.1860473888322516,0.2389123527340922,0.026432481950920295,0.1860473888322516,0.2389123527340922,0.02245182376714044,0.29069942253391,0.3356030700681909,0.016203795072335804,0.029419988535787478,0.061827578680459086,0.04318270993046405,0.20436795180567036,0.29073337166659846,0.02217461848312458,0.37391121181699144,0.4182604487832406,0.00039264791363032497,0.0024377651545646924,0.003223060981825342,0.0,42.041778564453125,42.041778564453125,0.0,0.0,0.0,0.2833453497864457,71.44073351870865,72.00742421828154,0.0,,,0.0,,,0.0,,,0.0,,,0.0,,,0.0,,,0.0,,,0.0,,,0.0,,
digit5,TRUE_FEDAVG,FEDAVG,current,16,NA,NA,False,False,True,10,-999999.0,False,0,0.0,3,0.8411026321295733,0.00944333114746826,0.1630692967084388,0.013625784196121054,,0.0,,0.0,,0.0,0.8411026321295733,0.00944333114746826,0.8369307032915612,0.013625784196121038,,0.0,0.8390078037469113,0.011536743049618136,,0.0,,0.0,,0.0,,0.0,,0.0,3.943094691620371e-05,4.427039875564064e-07,21331.02798461914,0.0,0.0,0.0,127.97675164937972,0.16765747549616422,,0.0,,0.0,,0.0,,0.0,,0.0,,0.0,,0.0,,0.0,,0.0,0.010686135168873654,0.8304164969606996,0.8517887672984469,0.015419026340158468,0.14765027036828035,0.17848832304859727,0.0,,,0.0,,,0.0,,,0.010686135168873654,0.8304164969606996,0.8517887672984469,0.01541902634015845,0.8215116769514027,0.8523497296317196,0.0,,,0.01305505374232641,0.8259527500045849,0.8520628574892377,0.0,,,0.0,,,0.0,,,0.0,,,0.0,,,5.009667221185435e-07,3.8929980194085166e-05,3.993191363832226e-05,0.0,21331.02798461914,21331.02798461914,0.0,0.0,0.0,0.18972229367435245,127.78702935570537,128.1664739430541,0.0,,,0.0,,,0.0,,,0.0,,,0.0,,,0.0,,,0.0,,,0.0,,,0.0,,
digit5,TRUE_FEDAVG,FEDAVG,current,16,NA,NA,False,False,True,10,0.7,False,0,0.0,6,0.7932054170565587,0.02173267270080564,0.2065349000607786,0.024259014184409924,,0.0,,0.0,,0.0,0.7932054170565587,0.02173267270080564,0.7934650999392215,0.024259014184409913,,0.0,0.7933316780475267,0.02295460757370829,,0.0,,0.0,,0.0,,0.0,,0.0,3.718552231184095e-05,1.018829130807766e-06,21331.02798461914,0.0,0.0,0.0,82.68287120858828,20.257223047827747,,0.0,,0.0,,0.0,,0.0,,0.0,,0.0,,0.0,,0.0,,0.0,0.017389759895536552,0.7758156571610221,0.8105951769520953,0.019411254095482954,0.18712364596529565,0.22594615415626154,0.0,,,0.0,,,0.0,,,0.017389759895536552,0.7758156571610221,0.8105951769520953,0.019411254095482944,0.7740538458437386,0.8128763540347045,0.0,,,0.018367511428461096,0.7749641666190656,0.8116991894759877,0.0,,,0.0,,,0.0,,,0.0,,,0.0,,,8.152330918170259e-07,3.6370289220023926e-05,3.800075540365798e-05,0.0,21331.02798461914,21331.02798461914,0.0,0.0,0.0,16.20915429048885,66.47371691809943,98.89202549907714,0.0,,,0.0,,,0.0,,,0.0,,,0.0,,,0.0,,,0.0,,,0.0,,,0.0,,
digit5,TRUE_FEDAVG,FEDAVG,current,16,NA,NA,False,False,True,10,0.7,False,20,0.0,3,0.8358513070974238,0.011011535525078052,0.1671899448212223,0.01216026456870416,-0.13375195585697786,0.009728211654963348,-0.018762031933386363,0.020647486105683975,0.13375195585697786,0.009728211654963348,0.8358513070974238,0.011011535525078052,0.8328100551787777,0.012160264568704202,0.8662480441430223,0.009728211654963344,0.834327577763041,0.011585797740069275,0.8507776827362165,0.01039422952766021,0.7416870621471029,0.01483962472785695,0.045202352935316596,0.009709559189576951,0.6619185997500644,0.029263534611058455,0.8081549254356339,0.02464593577818666,3.9184764452051685e-05,5.162215122973923e-07,21331.02798461914,0.0,0.0,0.0,124.14240180916256,0.6715456855105076,,0.0,,0.0,,0.0,,0.0,,0.0,,0.0,,0.0,,0.0,,0.0,0.012460725479206083,0.8233905816182178,0.8483120325766299,0.013760634763430497,0.15342931005779178,0.1809505795846528,0.011008507810744418,-0.14476046366772227,-0.12274344804623344,0.023364830055963175,-0.042126861989349534,0.0046027981225768115,0.011008507810744418,0.12274344804623344,0.14476046366772227,0.012460725479206083,0.8233905816182178,0.8483120325766299,0.013760634763430542,0.8190494204153471,0.8465706899422083,0.011008507810744415,0.8552395363322779,0.8772565519537666,0.013110564350250885,0.8212170134127901,0.8474381421132919,0.011762177982994225,0.8390155047532223,0.8625398607192106,0.016792616209350426,0.7248944459377524,0.7584796783564534,0.010987400559157121,0.03421495237615947,0.05618975349447372,0.03311480678686368,0.6288037929632007,0.6950334065369281,0.027889501805693943,0.78026542362994,0.8360444272413279,5.841596330092953e-07,3.8600604819042386e-05,3.9768924085060984e-05,0.0,21331.02798461914,21331.02798461914,0.0,0.0,0.0,0.7599254813131417,123.38247632784942,124.90232729047571,0.0,,,0.0,,,0.0,,,0.0,,,0.0,,,0.0,,,0.0,,,0.0,,,0.0,,
digit5,TRUE_FEDAVG,FEDPROX,current,16,NA,NA,False,False,True,2,-999999.0,False,0,0.0,6,0.39309698832206513,0.10349772176034167,0.0,0.0,,0.0,,0.0,,0.0,0.39309698832206513,0.10349772176034167,1.0,0.0,,0.0,0.5571412673255892,0.11669392452035857,,0.0,,0.0,,0.0,,0.0,,0.0,0.0011517757975773306,0.00030324875175662325,341.29644775390625,0.0,0.0,0.0,8.955370976527533,0.14159777560390305,,0.0,,0.0,,0.0,,0.0,,0.0,,0.0,,0.0,,0.0,,0.0,0.08281542523210551,0.31028156308995963,0.47591241355417063,0.0,0.0,0.0,0.0,,,0.0,,,0.0,,,0.08281542523210551,0.31028156308995963,0.47591241355417063,0.0,1.0,1.0,0.0,,,0.0933745865781927,0.4637666807473965,0.6505158539037819,0.0,,,0.0,,,0.0,,,0.0,,,0.0,,,0.00024264953760028598,0.0009091262599770447,0.0013944253351776167,0.0,341.29644775390625,341.29644775390625,0.0,0.0,0.0,0.11330181765460705,8.842069158872926,9.06867279418214,0.0,,,0.0,,,0.0,,,0.0,,,0.0,,,0.0,,,0.0,,,0.0,,,0.0,,
tinyimagenet,FULL_FEDAVG,FEDAVG,current,16,head_only,class_incremental_task_aware,True,True,True,10,0.7,False,20,0.0,9,0.03295555555555555,0.0205748700549427,0.0,0.0,0.0,0.0,-0.015037037037037043,0.02626350328760943,0.0,0.0,0.03295555555555555,0.0205748700549427,1.0,0.0,1.0,0.0,0.0631159986380703,0.03909995026515397,0.0631159986380703,0.03909995026515397,0.5522294213373412,0.006037883323249096,0.017840498236281584,0.006046145921457034,0.5242344302029288,0.010027848159480716,0.5831453199417513,0.008178516921097747,0.0004210088282434481,0.00026284496762587226,78.277587890625,0.0,0.0,0.0,248.70453724861147,0.44043451922177285,,0.0,,0.0,,0.0,3.604181835502394,0.07392668131884833,76.36111111111111,30.873256810889114,74.9090488197143,0.21491814518253902,99.11111111111111,0.33333333333333276,10048.027803646522,1363.7190538194448,10179.888888888889,1375.8067128456348,0.013442248435895894,0.019513307119659658,0.04639780399145144,0.0,0.0,0.0,0.0,0.0,0.0,0.017158822147904828,-0.032195859184941875,0.0021217851108677847,0.0,0.0,0.0,0.013442248435895894,0.019513307119659658,0.04639780399145144,0.0,1.0,1.0,0.0,1.0,1.0,0.02554530083990059,0.03757069779816971,0.08866129947797088,0.02554530083990059,0.03757069779816971,0.08866129947797088,0.0039447504378560755,0.5482846708994852,0.5561741717751972,0.003950148668685262,0.013890349567596322,0.02179064690496685,0.006551527464194067,0.5176829027387347,0.5307859576671229,0.005343297721783861,0.5778020222199675,0.5884886176635352,0.0001717253788489032,0.0002492834493945449,0.0005927342070923513,0.0,78.277587890625,78.277587890625,0.0,0.0,0.0,0.2877505525582249,248.41678669605324,248.9922878011697,0.0,,,0.0,,,0.0,,,0.04829876512831424,3.5558830703740796,3.6524806006307085,20.17052778311422,56.19058332799689,96.53163889422534,0.1404131881859255,74.76863563152837,75.04946200790023,0.2177777777777774,98.89333333333333,99.3288888888889,890.9631151620373,9157.064688484485,10938.99091880856,898.8603857258148,9281.028503163074,11078.749274614704
tinyimagenet,SHARED_ADAPTER,FEDAVG,current,16,shared_adapter_plus_heads,class_incremental_task_aware,True,False,True,10,0.7,False,20,0.0,8,0.0308875,0.020696820839373926,0.006486111111111112,0.004539436251505409,-0.0017750000000000005,0.002866929666783912,-0.018194444444444447,0.02668892919918185,0.005837500000000001,0.004085492626354869,0.0308875,0.020696820839373926,0.9935138888888888,0.004539436251505387,0.9941625,0.004085492626354885,0.05920944597263602,0.039328412876551526,0.0592118083626968,0.03933036868423629,0.4770557851283465,0.005679216097479496,0.01947585744088659,0.004534299298583256,0.444592841633006,0.008407500352753748,0.5114691922736792,0.008183699198011582,0.0001489947887531282,9.983710073084128e-05,207.305908203125,0.0,0.0,0.0,249.3154770155748,0.5617399990754489,,0.0,,0.0,,0.0,3.651151648641269,0.10824985601415026,46.359375,35.013163181611326,74.78179169730316,0.3534063182253004,99.0,0.0,10621.138700772553,1201.5723010305614,10888.625,1246.276160350162,0.014342165117233867,0.016545334882766133,0.045229665117233864,0.003145668833079446,0.0033404422780316657,0.009631779944190557,0.0019866809003964373,-0.003761680900396438,0.00021168090039643678,0.018494484362962155,-0.0366889288074066,0.0003000399185177083,0.002831101949771502,0.003006398050228499,0.008668601949771503,0.014342165117233867,0.016545334882766133,0.045229665117233864,0.003145668833079431,0.9903682200558094,0.9966595577219682,0.0028311019497715135,0.9913313980502284,0.9969936019497715,0.027253199689547637,0.03195624628308838,0.08646264566218366,0.0272545549951267,0.031957253367570104,0.0864663633578235,0.003935495970064521,0.47312028915828197,0.48099128109841105,0.0031421091063184733,0.01633374833456812,0.022617966547205062,0.005826100502015256,0.43876674113099073,0.45041894213502126,0.005671014214142801,0.5057981780595363,0.517140206487822,6.918358112196665e-05,7.981120763116154e-05,0.00021817836987509482,0.0,207.305908203125,207.305908203125,0.0,0.0,0.0,0.3892659593577753,248.92621105621703,249.70474297493257,0.0,,,0.0,,,0.0,,,0.07501332310507156,3.576138325536198,3.7261649717463405,24.262884214178346,22.096490785821654,70.62225921417834,0.24489808404865523,74.5368936132545,75.02668978135182,0.0,99.0,99.0,832.647123701741,9788.491577070812,11453.785824474295,863.6253177304379,10024.999682269561,11752.250317730439
tinyimagenet,TASK_ADAPTER,FEDAVG,current,16,task_adapter_plus_heads,class_incremental_task_aware,True,False,True,10,0.7,False,20,0.0,9,0.02994444444444444,0.022248938801160332,0.0,0.0,0.0,0.0,-0.01991358024691358,0.028544678958520326,0.0,0.0,0.02994444444444444,0.022248938801160332,1.0,0.0,1.0,0.0,0.05733821070039794,0.04215628009130049,0.05733821070039794,0.04215628009130049,0.5775122230743743,0.0032380841983126463,0.0213702086463491,0.006266367000776167,0.540819328659146,0.01713211999409007,0.6138720864062893,0.012095826511632643,0.0001444456875541816,0.00010732419058389839,207.305908203125,0.0,0.0,0.0,249.6985256689566,0.9060192230979658,,0.0,,0.0,,0.0,3.678474343972736,0.08805551324638808,49.166666666666664,34.867214632803694,74.37888354448494,0.32012042064507884,99.11111111111111,0.3333333333333348,10280.014542402034,1419.131535528824,10517.444444444445,1554.4647077942227,0.014535973350091417,0.015408471094353024,0.044480417794535855,0.0,0.0,0.0,0.0,0.0,0.0,0.018649190252899947,-0.03856277049981353,-0.001264389994013633,0.0,0.0,0.0,0.014535973350091417,0.015408471094353024,0.044480417794535855,0.0,1.0,1.0,0.0,1.0,1.0,0.027542102992982986,0.029796107707414955,0.08488031369338092,0.027542102992982986,0.029796107707414955,0.08488031369338092,0.0021155483428975954,0.5753966747314767,0.579627771417272,0.004094026440507096,0.017276182205842004,0.025464235086856198,0.011192985062805512,0.5296263435963404,0.5520123137219515,0.00790260665426666,0.6059694797520226,0.621774693060556,7.011847118148028e-05,7.432721637270133e-05,0.00021456415873566186,0.0,207.305908203125,207.305908203125,0.0,0.0,0.0,0.591932559090671,249.1065931098659,250.29045822804727,0.0,,,0.0,,,0.0,,,0.05752960198764021,3.6209447419850957,3.7360039459603764,22.77991356009841,26.386753106568253,71.94658022676508,0.20914534148811817,74.16973820299681,74.58802888597306,0.21777777777777874,98.89333333333333,99.3288888888889,927.1659365454984,9352.848605856536,11207.180478947532,1015.5836090922254,9501.86083535222,11533.028053536671
tinyimagenet,TRUE_FEDAVG,FEDAVG,current,16,full_model_no_adapters,class_incremental_task_aware,True,False,True,10,0.7,False,20,0.0,8,0.02855,0.020575158392030495,0.012055555555555555,0.007508255303812665,0.0016625000000000003,0.0027650561864609037,-0.01927777777777778,0.026065580025795104,0.010850000000000002,0.0067574297734314,0.02855,0.020575158392030495,0.9879444444444445,0.007508255303812624,0.98915,0.0067574297734314115,0.0547897656270083,0.03923232763163887,0.054793626187215026,0.03923557630180513,0.29888390285996264,0.009605416157476818,0.029673650292345796,0.005648193273526978,0.2523223759762767,0.01204592690632003,0.34845267904020105,0.026833123581893093,3.344530550914974e-07,2.4103063338725256e-07,85363.25073242188,0.0,0.0,0.0,458.45007024208707,0.9283798079253908,,0.0,,0.0,,0.0,2.5919348878351602,0.09481557727670159,48.890625,35.981607249647105,84.33686419960051,0.11125848762233786,99.25,0.4629100498862764,11357.119657885429,110.94541554649787,11611.25,406.0175049006068,0.014257857342532222,0.014292142657467777,0.04280785734253222,0.005202955475401681,0.006852600080153874,0.017258511030957237,0.0019160861802121531,-0.0002535861802121528,0.0035785861802121533,0.018062525423964335,-0.037340303201742114,-0.0012152523538134438,0.004682659927861514,0.006167340072138488,0.015532659927861516,0.014257857342532222,0.014292142657467777,0.04280785734253222,0.005202955475401652,0.9827414889690429,0.9931473999198461,0.004682659927861522,0.9844673400721384,0.9938326599278615,0.02718661601186292,0.027603149615145376,0.08197638163887122,0.027188867225433237,0.02760475896178179,0.08198249341264827,0.006656213803049274,0.2922276890569134,0.3055401166630119,0.003913998249859906,0.02575965204248589,0.0335876485422057,0.008347401469113655,0.24397497450716304,0.2606697774453904,0.0185944059722698,0.32985827306793125,0.36704708501247085,1.6702570743497863e-07,1.6742734765651877e-07,5.01478762526476e-07,0.0,85363.25073242188,85363.25073242188,0.0,0.0,0.0,0.6433343845466941,457.8067358575404,459.09340462663374,0.0,,,0.0,,,0.0,,,0.06570384290138336,2.526231044933777,2.6576387307365437,24.933981714532177,23.956643285467823,73.82460671453218,0.07709819844106837,84.25976600115945,84.41396239804158,0.3207802986469092,98.92921970135309,99.57078029864691,76.88125056099828,11280.23840732443,11434.000908446427,281.3557763757481,11329.894223624251,11892.605776375749
